{"schemaVersion":"1.0","appDefinitionTemplate":{"id":"/providers/Microsoft.PowerApps/apps/","type":"Microsoft.PowerApps/apps","tags":{"primaryDeviceWidth":"1366","primaryDeviceHeight":"768","supportsPortrait":"true","supportsLandscape":"true","primaryFormFactor":"Tablet","showStatusBar":"false","publisherVersion":"3.25024.7","minimumRequiredApiVersion":"2.2.0","hasComponent":"true","hasUnlockedComponent":"false","isUnifiedRootApp":"false","sienaVersion":"20250303T161106Z-3.25024.6.0"},"properties":{"appVersion":"2025-03-10T15:18:01Z","lifeCycleId":"Published","createdByClientVersion":{"major":3,"minor":25024,"build":7,"revision":0,"majorRevision":0,"minorRevision":0},"minClientVersion":{"major":3,"minor":25024,"build":7,"revision":0,"majorRevision":0,"minorRevision":0},"backgroundColor":"rgba(255, 255, 255, 1)","backgroundImageUri":"/9769835508440584625/N25c08687-d3cb-44e7-87a8-2794ff3e5add-logoSmallFile","displayName":"Kookaburra_Demo_ConfigData_1","commitMessage":"Version 1.0.0","appUris":{"documentUri":{"value":"/9769835508440584625/Ndfdf5d60-1d69-48f7-ad29-93727691e3f5-document.msapp"},"imageUris":[],"additionalUris":[{"isSolutionAware":false,"value":"/9769835508440584625/N3d150a09-751c-4e0d-9932-f8b12026e365-identity.json"}]},"createdTime":"0001-01-01T00:00:00Z","lastModifiedTime":"0001-01-01T00:00:00Z","sharedGroupsCount":0,"sharedUsersCount":0,"connectionReferences":{},"databaseReferences":{"default.cds":{"databaseDetails":{"referenceType":"Environmental","environmentName":"default.cds","overrideValues":{"status":"NotSpecified","environmentVariableName":""}},"dataSources":{"KKB_Automations":{"entitySetName":"faf_kkb_automations","logicalName":"faf_kkb_automation","isHidden":false},"KKB_Settings":{"entitySetName":"faf_kkb_settings","logicalName":"faf_kkb_setting","isHidden":false},"KKB_Business solutions":{"entitySetName":"faf_kkb_businesssolutions","logicalName":"faf_kkb_businesssolution","isHidden":false},"KKB_Automation configurations":{"entitySetName":"faf_kkb_automationconfigurations","logicalName":"faf_kkb_automationconfiguration","isHidden":false},"KKB_Automation instances":{"entitySetName":"faf_kkb_automationinstances","logicalName":"faf_kkb_automationinstance","isHidden":false}},"actions":["providers/PowerPlatform.Governance/Operations/Read","providers/PowerPlatform.Governance/Operations/Write","providers/PowerPlatform.Governance/Operations/Delete"]}},"almMode":"Environment","performanceOptimizationEnabled":true,"canConsumeAppPass":false,"enableModernRuntimeMode":false,"executionRestrictions":{"isTeamsOnly":false,"dataLossPreventionEvaluationResult":{"status":"Compliant","lastEvaluationDate":"2025-03-02T14:45:41.8183297Z","violations":[],"violationsByPolicy":[],"violationErrorMessage":"The app uses the following connectors: shared_commondataservice."}}},"isAppComponentLibrary":false,"appType":"ClassicCanvasApp","appComponents":[]}}