{"schemaVersion":"1.0","appDefinitionTemplate":{"id":"/providers/Microsoft.PowerApps/apps/","type":"Microsoft.PowerApps/apps","tags":{"primaryDeviceWidth":"1366","primaryDeviceHeight":"768","supportsPortrait":"true","supportsLandscape":"true","primaryFormFactor":"Tablet","showStatusBar":"false","publisherVersion":"3.24122.12","minimumRequiredApiVersion":"2.2.0","hasComponent":"false","hasUnlockedComponent":"false","isUnifiedRootApp":"false","sienaVersion":"20241230T090950Z-3.24122.12.0"},"properties":{"appVersion":"2024-12-30T09:09:50Z","lifeCycleId":"Published","createdByClientVersion":{"major":3,"minor":24122,"build":12,"revision":0,"majorRevision":0,"minorRevision":0},"minClientVersion":{"major":3,"minor":24122,"build":12,"revision":0,"majorRevision":0,"minorRevision":0},"backgroundColor":"RGBA(0,176,240,1)","backgroundImageUri":"/18402275938694057185/Na495f560-fa29-4232-90af-d4330d9f497a-logoSmallFile","displayName":"KKB_Add demo data","description":"","commitMessage":"Preview","appUris":{"documentUri":{"value":"/18402275938694057185/Ndcb09e32-5763-4a97-b55d-763a84d0fd47-document.msapp"},"imageUris":[],"additionalUris":[{"isSolutionAware":false,"value":"/18402275938694057185/N58fd4322-3fde-4cd9-bfc8-125eb80e2f7c-identity.json"}]},"createdTime":"0001-01-01T00:00:00Z","lastModifiedTime":"0001-01-01T00:00:00Z","sharedGroupsCount":0,"sharedUsersCount":0,"connectionReferences":{},"databaseReferences":{"default.cds":{"databaseDetails":{"referenceType":"Environmental","environmentName":"default.cds","overrideValues":{"status":"NotSpecified","environmentVariableName":""}},"dataSources":{"KKB_Automation configurations":{"entitySetName":"faf_kkb_automationconfigurations","logicalName":"faf_kkb_automationconfiguration","isHidden":false},"KKB_Automation instances":{"entitySetName":"faf_kkb_automationinstances","logicalName":"faf_kkb_automationinstance","isHidden":false},"KKB_Automations":{"entitySetName":"faf_kkb_automations","logicalName":"faf_kkb_automation","isHidden":false},"KKB_Business solutions":{"entitySetName":"faf_kkb_businesssolutions","logicalName":"faf_kkb_businesssolution","isHidden":false},"KKB_Settings":{"entitySetName":"faf_kkb_settings","logicalName":"faf_kkb_setting","isHidden":false}},"actions":["providers/PowerPlatform.Governance/Operations/Read","providers/PowerPlatform.Governance/Operations/Write"]}},"almMode":"Solution","performanceOptimizationEnabled":false,"canConsumeAppPass":false,"enableModernRuntimeMode":false,"executionRestrictions":{"isTeamsOnly":false,"dataLossPreventionEvaluationResult":{"status":"Compliant","lastEvaluationDate":"2024-11-19T11:41:20.6475905Z","violations":[],"violationsByPolicy":[],"violationErrorMessage":"The app uses the following connectors: shared_commondataservice."}}},"appType":"ClassicCanvasApp","appComponents":[]}}