{"__Version":"0.1","App":"ce33bda4-e6df-413f-abcd-de98d113ffc2","Test_7F478737223C4B69":"793698a3-965d-4762-b9b3-201791d66b8e","Host":"df787091-668e-4919-80f8-2f193ff98165","Home Screen":"732c0d47-c1c1-42c1-955f-76ee2389db2a","btn_Home_Add_Generic":"9160f680-29ec-4373-bb0e-b3f46f01ff60","lbl_Home_Dataverse_TableExists":"472d98a0-84d0-48c6-b0e6-c2642750a845","lbl_Home_SharePoint_ListExists":"1f6950f2-f734-49c6-81c1-75f26ba82684","btn_Home_Add_Add-ons":"2bd4aeb8-36a0-478e-a7e1-5c69b90190b9","ti_Home_Dataverse_TableExists_LogicalName":"e8ea0bfc-b11a-487b-a72e-0259185f3457","ti_Home_SharePoint_ListExists_SiteCollectionURL":"30dbca50-8b8b-4690-acc0-c82205432312","lbl_Home_Dataverse_AddRow":"80ca4e4d-d48e-4d00-bb03-a88b7fbc7360","ti_Home_SharePoint_ListExists_List":"b0cabcb6-08b4-440d-b74c-6bc3f2368b3a","ti_Home_Dataverse_AddRow_EnvironmentURL":"9f435c65-f9a7-4dd3-869a-1c8186749ef7","lbl_Home_SharePoint_ClearGroup":"227caa57-365c-4979-bd4b-95155784fde5","ti_Home_Dataverse_AddRow_JSON":"5802f3e7-e394-48a0-915b-1d6bb0f1fb66","ti_Home_SharePoint_ClearGroup_SiteCollectionURL":"dcc3e76a-b093-4390-b548-1e9d6acd3bb3","ti_Home_SharePoint_ClearGroup_GroupName":"eef82ded-0ba1-4e90-bc3a-454129ad010f","lbl_Home_SharePoint_NumberOfItems":"8e603095-5747-4b79-ae6b-05d10cb7b841","ti_Home_SharePoint_NumberOfItems_SiteCollectionURL":"4fc74070-11e2-4160-869d-a0bc24566da8","ti_Home_Dataverse_AddRow_SetName":"6282c14b-0588-436e-b65e-a8898c641e74","ti_Home_SharePoint_NumberOfItems_List":"fee5225d-06c9-471f-9dc8-0ce3718723bc","lbl_Home_Dataverse_NumberOfRows":"9a17f056-3520-4a0a-9fcf-1bdee388e99c","btn_Home_Add_SharePoint":"5dbdf5df-f4fd-4a28-b074-2a34347d73fb","ti_Home_Dataverse_NumberOfRows_SetName":"54d9ccf0-dc11-46b1-8861-8c27d4c59e4b","btn_Home_Add_Dataverse":"4d77f061-f8cc-4179-9dd9-0cb819f22651"}