{
  "properties": {
    "connectionReferences": {
      "shared_commondataserviceforapps": {
        "runtimeSource": "embedded",
        "connection": {
          "connectionReferenceLogicalName": "faf_KookaburraDataverse"
        },
        "api": {
          "name": "shared_commondataserviceforapps"
        }
      }
    },
    "definition": {
      "$schema": "https://schema.management.azure.com/providers/Microsoft.Logic/schemas/2016-06-01/workflowdefinition.json#",
      "contentVersion": "1.0.0.0",
      "parameters": {
        "$connections": {
          "defaultValue": {},
          "type": "Object"
        },
        "$authentication": {
          "defaultValue": {},
          "type": "SecureObject"
        }
      },
      "triggers": {
        "When_a_row_is_added,_modified_or_deleted": {
          "metadata": {
            "operationMetadataId": "0218d63c-1419-40b1-aecd-e52445786993"
          },
          "type": "OpenApiConnectionWebhook",
          "inputs": {
            "host": {
              "connectionName": "shared_commondataserviceforapps",
              "operationId": "SubscribeWebhookTrigger",
              "apiId": "/providers/Microsoft.PowerApps/apis/shared_commondataserviceforapps"
            },
            "parameters": {
              "subscriptionRequest/message": 1,
              "subscriptionRequest/entityname": "faf_kkb_addon",
              "subscriptionRequest/scope": 4
            },
            "authentication": "@parameters('$authentication')",
            "retryPolicy": {
              "type": "none"
            }
          }
        }
      },
      "actions": {
        "Condition_-_One": {
          "actions": {
            "Run_a_Child_Flow_-_One": {
              "runAfter": {},
              "metadata": {
                "operationMetadataId": "ee1fd99e-008c-44ac-8180-e6c3c70c1aa8"
              },
              "type": "Workflow",
              "inputs": {
                "host": {
                  "workflowReferenceName": "d32f9c03-7bc0-ef11-b8e8-6045bd9489cd"
                },
                "body": {
                  "number": "@triggerOutputs()?['body/faf_kkbversion']",
                  "text": "@triggerOutputs()?['body/faf_kkbinput']",
                  "text_1": "@triggerOutputs()?['body/_faf_kkb_log_value']"
                },
                "retryPolicy": {
                  "type": "none"
                }
              }
            }
          },
          "runAfter": {
            "Get_a_row_by_ID_-_Automation": [
              "Succeeded"
            ]
          },
          "expression": {
            "equals": [
              "@outputs('Get_a_row_by_ID_-_Automation')?['body/faf_kkbtitle']",
              "One"
            ]
          },
          "metadata": {
            "operationMetadataId": "68402aaf-d684-4e7d-bb89-88d0336b2404"
          },
          "type": "If"
        },
        "Condition_-_Two": {
          "actions": {
            "Run_a_Child_Flow_-_Two": {
              "runAfter": {},
              "metadata": {
                "operationMetadataId": "02dce468-bb80-49ff-b985-fa985780e1d4"
              },
              "type": "Workflow",
              "inputs": {
                "host": {
                  "workflowReferenceName": "dbb99a18-7bc0-ef11-b8e8-6045bd9489cd"
                },
                "body": {
                  "number": "@triggerOutputs()?['body/faf_kkbversion']",
                  "text": "@triggerOutputs()?['body/faf_kkbinput']",
                  "text_1": "@triggerOutputs()?['body/_faf_kkb_log_value']"
                },
                "retryPolicy": {
                  "type": "none"
                }
              }
            }
          },
          "runAfter": {
            "Condition_-_One": [
              "Succeeded"
            ]
          },
          "expression": {
            "equals": [
              "@outputs('Get_a_row_by_ID_-_Automation')?['body/faf_kkbtitle']",
              "Two"
            ]
          },
          "metadata": {
            "operationMetadataId": "de33d64d-8358-4807-bfab-569c5a15d0b7"
          },
          "type": "If"
        },
        "Get_a_row_by_ID_-_Automation": {
          "runAfter": {},
          "metadata": {
            "operationMetadataId": "224fb0f3-321b-4574-a7d6-c5b2483ba51b"
          },
          "type": "OpenApiConnection",
          "inputs": {
            "host": {
              "connectionName": "shared_commondataserviceforapps",
              "operationId": "GetItem",
              "apiId": "/providers/Microsoft.PowerApps/apis/shared_commondataserviceforapps"
            },
            "parameters": {
              "entityName": "faf_kkb_automations",
              "recordId": "@triggerOutputs()?['body/_faf_kkb_automation_value']"
            },
            "authentication": "@parameters('$authentication')",
            "retryPolicy": {
              "type": "none"
            }
          }
        }
      }
    },
    "templateName": ""
  },
  "schemaVersion": "1.0.0.0"
}