{
  "properties": {
    "connectionReferences": {
      "shared_commondataserviceforapps": {
        "runtimeSource": "embedded",
        "connection": {
          "connectionReferenceLogicalName": "faf_KookaburraDataverse"
        },
        "api": {
          "name": "shared_commondataserviceforapps"
        }
      }
    },
    "definition": {
      "$schema": "https://schema.management.azure.com/providers/Microsoft.Logic/schemas/2016-06-01/workflowdefinition.json#",
      "contentVersion": "1.0.0.0",
      "parameters": {
        "$connections": {
          "defaultValue": {},
          "type": "Object"
        },
        "$authentication": {
          "defaultValue": {},
          "type": "SecureObject"
        },
        "KKB_FlowRunURLBase (faf_KKB_FlowRunURLBase)": {
          "defaultValue": "https://make.powerautomate.com/environments/",
          "type": "String",
          "metadata": {
            "schemaName": "faf_KKB_FlowRunURLBase"
          }
        }
      },
      "triggers": {
        "manual": {
          "metadata": {
            "operationMetadataId": "d3f64c49-d484-41a5-92c2-08d785823104"
          },
          "type": "Request",
          "kind": "Button",
          "inputs": {
            "schema": {
              "type": "object",
              "properties": {
                "number": {
                  "title": "Version",
                  "type": "number",
                  "x-ms-dynamically-added": true,
                  "description": "The version of the automation",
                  "x-ms-content-hint": "NUMBER"
                },
                "text": {
                  "title": "Input",
                  "type": "string",
                  "x-ms-dynamically-added": true,
                  "description": "JSON input",
                  "x-ms-content-hint": "TEXT"
                },
                "text_1": {
                  "title": "Log",
                  "type": "string",
                  "x-ms-dynamically-added": true,
                  "description": "The console record to update",
                  "x-ms-content-hint": "TEXT"
                }
              },
              "required": [
                "number",
                "text",
                "text_1"
              ]
            }
          }
        }
      },
      "actions": {
        "Respond_to_a_Power_App_or_flow": {
          "runAfter": {
            "Run_a_Child_Flow_-_Create_information_record_-_Begin": [
              "Succeeded"
            ]
          },
          "metadata": {
            "operationMetadataId": "cd0ce3ad-9d16-4fd8-8aa0-28d1e97aa295"
          },
          "type": "Response",
          "kind": "PowerApp",
          "inputs": {
            "statusCode": 200,
            "body": {},
            "schema": {
              "type": "object",
              "properties": {}
            }
          }
        },
        "Run_a_Child_Flow_-_Create_information_record_-_Begin": {
          "runAfter": {},
          "metadata": {
            "operationMetadataId": "ba11da2e-c8ad-4daf-8aed-8e71649c57b2"
          },
          "type": "Workflow",
          "inputs": {
            "host": {
              "workflowReferenceName": "e37d11ea-c4be-ef11-b8e8-6045bd9489cd"
            },
            "body": {
              "text": "@triggerBody()['text_1']",
              "text_1": "Child flow started at: @{utcNow()}"
            },
            "retryPolicy": {
              "type": "none"
            }
          }
        },
        "Initialize_variable_-_varError": {
          "runAfter": {
            "Initialize_variable_-_varErrorAction": [
              "Succeeded"
            ]
          },
          "metadata": {
            "operationMetadataId": "1f63d653-4b04-43f1-b19d-d2e33e28975e"
          },
          "type": "InitializeVariable",
          "inputs": {
            "variables": [
              {
                "name": "varError",
                "type": "boolean",
                "value": "@false"
              }
            ]
          }
        },
        "Initialize_variable_-_varErrorAction": {
          "runAfter": {
            "Respond_to_a_Power_App_or_flow": [
              "Succeeded"
            ]
          },
          "metadata": {
            "operationMetadataId": "d3977221-1520-48ea-a988-720c4e99ce8b"
          },
          "type": "InitializeVariable",
          "inputs": {
            "variables": [
              {
                "name": "varErrorAction",
                "type": "string"
              }
            ]
          }
        },
        "Initialize_variable_-_varErrorMessage": {
          "runAfter": {
            "Initialize_variable_-_varError": [
              "Succeeded"
            ]
          },
          "metadata": {
            "operationMetadataId": "fd89f1b8-a8a1-4b09-a704-ad6d8cdfa1f8"
          },
          "type": "InitializeVariable",
          "inputs": {
            "variables": [
              {
                "name": "varErrorMessage",
                "type": "string"
              }
            ]
          }
        },
        "Scope_-_Try": {
          "actions": {
            "Compose": {
              "runAfter": {},
              "metadata": {
                "operationMetadataId": "2bd463d1-f06a-49b3-84fd-50b8dd1d2f14"
              },
              "type": "Compose",
              "inputs": "Hello world!!"
            }
          },
          "runAfter": {
            "Get_a_row_by_ID_-_Automation_instance": [
              "Succeeded"
            ]
          },
          "metadata": {
            "operationMetadataId": "8e8e1b4d-c7d5-45a9-94d6-3559005f979f"
          },
          "type": "Scope"
        },
        "Scope_-_Catch": {
          "actions": {
            "Set_variable_-_varError": {
              "runAfter": {},
              "metadata": {
                "operationMetadataId": "8c455889-d5c5-4d7f-b670-7686f0479167"
              },
              "type": "SetVariable",
              "inputs": {
                "name": "varError",
                "value": "@true"
              }
            },
            "Filter_array": {
              "runAfter": {
                "Set_variable_-_varError": [
                  "Succeeded"
                ]
              },
              "metadata": {
                "operationMetadataId": "3524ac39-af6b-46b4-b7e5-3d9046a52605"
              },
              "type": "Query",
              "inputs": {
                "from": "@result('Scope_-_Try')",
                "where": "@or(equals(item()?['Status'], 'Failed'), equals(item()?['Status'], 'TimedOut'))"
              }
            },
            "Set_variable_-_varErrorAction": {
              "runAfter": {
                "Filter_array": [
                  "Succeeded"
                ]
              },
              "metadata": {
                "operationMetadataId": "f85ae604-db45-4974-bf1e-2665a163b83e"
              },
              "type": "SetVariable",
              "inputs": {
                "name": "varErrorAction",
                "value": "@{first(body('Filter_array'))?['name']}"
              }
            },
            "Set_variable_-_varErrorMessage": {
              "runAfter": {
                "Set_variable_-_varErrorAction": [
                  "Succeeded"
                ]
              },
              "metadata": {
                "operationMetadataId": "ccfaf8ac-efe0-4527-9fb4-48488a5f594c"
              },
              "type": "SetVariable",
              "inputs": {
                "name": "varErrorMessage",
                "value": "@{first(body('Filter_array'))?['code']}"
              }
            }
          },
          "runAfter": {
            "Scope_-_Try": [
              "Failed",
              "TimedOut"
            ]
          },
          "metadata": {
            "operationMetadataId": "a583e0a2-f5a5-48ff-8642-b77aea9531a5"
          },
          "type": "Scope"
        },
        "Scope_-_Finally": {
          "actions": {
            "Condition_-_varError": {
              "actions": {
                "Add_a_new_row_-_Error_log": {
                  "runAfter": {
                    "Parse_JSON_-_Workflow": [
                      "Succeeded"
                    ]
                  },
                  "metadata": {
                    "operationMetadataId": "7b498db6-009d-4af8-8dc2-b9a9be77fe23"
                  },
                  "type": "OpenApiConnection",
                  "inputs": {
                    "host": {
                      "connectionName": "shared_commondataserviceforapps",
                      "operationId": "CreateRecord",
                      "apiId": "/providers/Microsoft.PowerApps/apis/shared_commondataserviceforapps"
                    },
                    "parameters": {
                      "entityName": "faf_kkb_errorlogs",
                      "item/faf_kkbchildflow": "@body('Parse_JSON_-_Workflow')?['tags']?['flowDisplayName']",
                      "item/faf_kkbchildflowinput": "@triggerBody()['text']",
                      "item/faf_kkbchildflowlog": "@triggerBody()['text_1']",
                      "item/faf_kkbchildflowversion": "@triggerBody()['number']",
                      "item/faf_kkberroraction": "@variables('varErrorAction')",
                      "item/faf_kkberrormessage": "@variables('varErrorMessage')",
                      "item/faf_kkbflowrunurl": "@concat(parameters('KKB_FlowRunURLBase (faf_KKB_FlowRunURLBase)'), body('Parse_JSON_-_Workflow')?['tags']?['environmentName'], '/flows/', body('Parse_JSON_-_Workflow')?['name'], '/runs/', body('Parse_JSON_-_Workflow')?['run']?['name'])"
                    },
                    "authentication": {
                      "type": "Raw",
                      "value": "@json(decodeBase64(triggerOutputs().headers['X-MS-APIM-Tokens']))['$ConnectionKey']"
                    },
                    "retryPolicy": {
                      "type": "none"
                    }
                  }
                },
                "Run_a_Child_Flow_-_Update_console_record_-_Error": {
                  "runAfter": {
                    "Add_a_new_row_-_Error_log": [
                      "Succeeded"
                    ]
                  },
                  "metadata": {
                    "operationMetadataId": "e7b00b33-ec1f-44b7-a3e7-10c6a9d03048"
                  },
                  "type": "Workflow",
                  "inputs": {
                    "host": {
                      "workflowReferenceName": "e9058058-c5be-ef11-b8e8-6045bd9489cd"
                    },
                    "body": {
                      "text": "@triggerBody()['text_1']",
                      "text_1": "Flow error",
                      "text_2": "A flow error occured."
                    },
                    "retryPolicy": {
                      "type": "none"
                    }
                  }
                },
                "Parse_JSON_-_Workflow": {
                  "runAfter": {},
                  "metadata": {
                    "operationMetadataId": "266cd255-4252-4dde-a147-69ed34be10d5"
                  },
                  "type": "ParseJson",
                  "inputs": {
                    "content": "@outputs('Compose_-_Workflow')",
                    "schema": {
                      "type": "object",
                      "properties": {
                        "id": {
                          "type": "string"
                        },
                        "name": {
                          "type": "string"
                        },
                        "type": {
                          "type": "string"
                        },
                        "location": {
                          "type": "string"
                        },
                        "tags": {
                          "type": "object",
                          "properties": {
                            "flowDisplayName": {
                              "type": "string"
                            },
                            "environmentName": {
                              "type": "string"
                            },
                            "logicAppName": {
                              "type": "string"
                            },
                            "environmentWorkflowId": {
                              "type": "string"
                            },
                            "xrmWorkflowId": {
                              "type": "string"
                            },
                            "environmentFlowSuspensionReason": {
                              "type": "string"
                            },
                            "sharingType": {
                              "type": "string"
                            },
                            "state": {
                              "type": "string"
                            },
                            "createdTime": {
                              "type": "string"
                            },
                            "lastModifiedTime": {
                              "type": "string"
                            },
                            "createdBy": {
                              "type": "string"
                            },
                            "triggerType": {
                              "type": "string"
                            }
                          }
                        },
                        "run": {
                          "type": "object",
                          "properties": {
                            "id": {
                              "type": "string"
                            },
                            "name": {
                              "type": "string"
                            },
                            "type": {
                              "type": "string"
                            }
                          }
                        }
                      }
                    }
                  }
                }
              },
              "runAfter": {},
              "else": {
                "actions": {
                  "Run_a_Child_Flow_-_Update_console_record_-_Ok": {
                    "runAfter": {},
                    "metadata": {
                      "operationMetadataId": "10083ab1-6617-4ff2-b292-a76c700a0956"
                    },
                    "type": "Workflow",
                    "inputs": {
                      "host": {
                        "workflowReferenceName": "e9058058-c5be-ef11-b8e8-6045bd9489cd"
                      },
                      "body": {
                        "text": "@triggerBody()['text_1']",
                        "text_1": "Ok"
                      },
                      "retryPolicy": {
                        "type": "none"
                      }
                    }
                  }
                }
              },
              "expression": {
                "and": [
                  {
                    "equals": [
                      "@variables('varError')",
                      "@true"
                    ]
                  }
                ]
              },
              "metadata": {
                "operationMetadataId": "4d0b9f01-2770-4363-9d13-83fb4a6ce924"
              },
              "type": "If"
            },
            "Condition_-_Single_schedule": {
              "actions": {
                "Update_a_row_-_Automation_instance": {
                  "runAfter": {},
                  "metadata": {
                    "operationMetadataId": "412859b3-d42d-4e98-b82c-97d79b5fb8c2"
                  },
                  "type": "OpenApiConnection",
                  "inputs": {
                    "host": {
                      "connectionName": "shared_commondataserviceforapps",
                      "operationId": "UpdateOnlyRecord",
                      "apiId": "/providers/Microsoft.PowerApps/apis/shared_commondataserviceforapps"
                    },
                    "parameters": {
                      "entityName": "faf_kkb_automationinstances",
                      "recordId": "@outputs('Get_a_row_by_ID_-_Automation_instance')?['body/faf_kkb_automationinstanceid']",
                      "item/faf_kkbstatus": "Done"
                    },
                    "authentication": {
                      "type": "Raw",
                      "value": "@json(decodeBase64(triggerOutputs().headers['X-MS-APIM-Tokens']))['$ConnectionKey']"
                    },
                    "retryPolicy": {
                      "type": "none"
                    }
                  }
                }
              },
              "runAfter": {
                "Condition_-_varError": [
                  "Succeeded"
                ]
              },
              "expression": {
                "equals": [
                  "@outputs('Get_a_row_by_ID_-_Automation_instance')?['body/faf_kkbschedule']",
                  "Single"
                ]
              },
              "metadata": {
                "operationMetadataId": "79499097-3b75-4aea-9e1a-6c19ed367ae8"
              },
              "type": "If"
            }
          },
          "runAfter": {
            "Scope_-_Catch": [
              "Succeeded",
              "Failed",
              "Skipped",
              "TimedOut"
            ]
          },
          "metadata": {
            "operationMetadataId": "2ca5baf4-3852-41bf-972a-20c805eabcee"
          },
          "type": "Scope"
        },
        "Compose_-_Workflow": {
          "runAfter": {
            "Initialize_variable_-_varErrorMessage": [
              "Succeeded"
            ]
          },
          "metadata": {
            "operationMetadataId": "ae6f43ec-b26f-452c-a083-7f94a9824132"
          },
          "type": "Compose",
          "inputs": "@workflow()"
        },
        "Get_a_row_by_ID_-_Log": {
          "runAfter": {
            "Compose_-_Workflow": [
              "Succeeded"
            ]
          },
          "metadata": {
            "operationMetadataId": "23f3a6ad-44ed-4bb2-9b0b-148af068e875"
          },
          "type": "OpenApiConnection",
          "inputs": {
            "host": {
              "connectionName": "shared_commondataserviceforapps",
              "operationId": "GetItem",
              "apiId": "/providers/Microsoft.PowerApps/apis/shared_commondataserviceforapps"
            },
            "parameters": {
              "entityName": "faf_kkb_logs",
              "recordId": "@triggerBody()['text_1']"
            },
            "authentication": {
              "type": "Raw",
              "value": "@json(decodeBase64(triggerOutputs().headers['X-MS-APIM-Tokens']))['$ConnectionKey']"
            },
            "retryPolicy": {
              "type": "none"
            }
          }
        },
        "Get_a_row_by_ID_-_Automation_instance": {
          "runAfter": {
            "Get_a_row_by_ID_-_Automation": [
              "Succeeded"
            ]
          },
          "metadata": {
            "operationMetadataId": "bde5f99d-237a-4d95-aeaf-693a83524a01"
          },
          "type": "OpenApiConnection",
          "inputs": {
            "host": {
              "connectionName": "shared_commondataserviceforapps",
              "operationId": "GetItem",
              "apiId": "/providers/Microsoft.PowerApps/apis/shared_commondataserviceforapps"
            },
            "parameters": {
              "entityName": "faf_kkb_automationinstances",
              "recordId": "@outputs('Get_a_row_by_ID_-_Log')?['body/_faf_kkb_automationinstance_value']"
            },
            "authentication": {
              "type": "Raw",
              "value": "@json(decodeBase64(triggerOutputs().headers['X-MS-APIM-Tokens']))['$ConnectionKey']"
            },
            "retryPolicy": {
              "type": "none"
            }
          }
        },
        "Run_a_Child_Flow_-_Create_information_record_-_End": {
          "runAfter": {
            "Scope_-_Finally": [
              "Succeeded"
            ]
          },
          "metadata": {
            "operationMetadataId": "ba11da2e-c8ad-4daf-8aed-8e71649c57b2"
          },
          "type": "Workflow",
          "inputs": {
            "host": {
              "workflowReferenceName": "e37d11ea-c4be-ef11-b8e8-6045bd9489cd"
            },
            "body": {
              "text": "@triggerBody()['text_1']",
              "text_1": "Child flow ended at: @{utcNow()}"
            },
            "retryPolicy": {
              "type": "none"
            }
          }
        },
        "Get_a_row_by_ID_-_Automation": {
          "runAfter": {
            "Get_a_row_by_ID_-_Log": [
              "Succeeded"
            ]
          },
          "metadata": {
            "operationMetadataId": "5afccbf9-00ea-4c23-a2ca-499bf4055b19"
          },
          "type": "OpenApiConnection",
          "inputs": {
            "host": {
              "connectionName": "shared_commondataserviceforapps",
              "operationId": "GetItem",
              "apiId": "/providers/Microsoft.PowerApps/apis/shared_commondataserviceforapps"
            },
            "parameters": {
              "entityName": "faf_kkb_automations",
              "recordId": "@outputs('Get_a_row_by_ID_-_Log')?['body/_faf_kkb_automation_value']"
            },
            "authentication": {
              "type": "Raw",
              "value": "@json(decodeBase64(triggerOutputs().headers['X-MS-APIM-Tokens']))['$ConnectionKey']"
            },
            "retryPolicy": {
              "type": "none"
            }
          }
        }
      }
    },
    "templateName": ""
  },
  "schemaVersion": "1.0.0.0"
}