{
  "properties": {
    "connectionReferences": {},
    "definition": {
      "$schema": "https://schema.management.azure.com/providers/Microsoft.Logic/schemas/2016-06-01/workflowdefinition.json#",
      "contentVersion": "1.0.0.0",
      "parameters": {
        "$authentication": {
          "defaultValue": {},
          "type": "SecureObject"
        }
      },
      "triggers": {
        "manual": {
          "metadata": {
            "operationMetadataId": "9703dd22-d4dc-485a-8658-0e028623f4c9"
          },
          "type": "Request",
          "kind": "Button",
          "inputs": {
            "schema": {
              "type": "object",
              "properties": {
                "number": {
                  "title": "Version",
                  "type": "number",
                  "x-ms-dynamically-added": true,
                  "description": "The version of the automation",
                  "x-ms-content-hint": "NUMBER"
                },
                "text": {
                  "title": "Input",
                  "type": "string",
                  "x-ms-dynamically-added": true,
                  "description": "JSON input",
                  "x-ms-content-hint": "TEXT"
                },
                "text_1": {
                  "title": "Log",
                  "type": "string",
                  "x-ms-dynamically-added": true,
                  "description": "The console log record to update",
                  "x-ms-content-hint": "TEXT"
                },
                "text_2": {
                  "title": "Automation",
                  "type": "string",
                  "x-ms-dynamically-added": true,
                  "description": "The title of the automation",
                  "x-ms-content-hint": "TEXT"
                }
              },
              "required": [
                "number",
                "text",
                "text_1",
                "text_2"
              ]
            }
          }
        }
      },
      "actions": {
        "Respond_to_a_Power_App_or_flow": {
          "runAfter": {},
          "metadata": {
            "operationMetadataId": "e8c01065-4cb3-455e-bce0-dbaaffc7b2e2"
          },
          "type": "Response",
          "kind": "PowerApp",
          "inputs": {
            "statusCode": 200,
            "body": {},
            "schema": {
              "type": "object",
              "properties": {}
            }
          }
        },
        "Condition_-_Table_exists": {
          "actions": {
            "Run_a_Child_Flow_-_Table_exists": {
              "runAfter": {},
              "metadata": {
                "operationMetadataId": "7dbba7da-ad22-4748-833e-e92377452971"
              },
              "type": "Workflow",
              "inputs": {
                "host": {
                  "workflowReferenceName": "4af2f42d-e5a8-ef11-b8e8-6045bda0688d"
                },
                "body": {
                  "number": "@triggerBody()['number']",
                  "text": "@triggerBody()['text']",
                  "text_1": "@triggerBody()['text_1']"
                },
                "retryPolicy": {
                  "type": "none"
                }
              }
            }
          },
          "runAfter": {
            "Respond_to_a_Power_App_or_flow": [
              "Succeeded"
            ]
          },
          "expression": {
            "equals": [
              "@triggerBody()['text_2']",
              "Table exists"
            ]
          },
          "metadata": {
            "operationMetadataId": "972f652e-b06c-4ae5-9a53-fd441772177e"
          },
          "type": "If"
        },
        "Condition_-_Number_of_rows": {
          "actions": {
            "Run_a_Child_Flow_-_Number_of_rows": {
              "runAfter": {},
              "metadata": {
                "operationMetadataId": "02a8746b-627e-429b-bb62-56a17106c5ad"
              },
              "type": "Workflow",
              "inputs": {
                "host": {
                  "workflowReferenceName": "37568ecd-7cb0-ef11-b8e9-6045bd89e61e"
                },
                "body": {
                  "number": "@triggerBody()['number']",
                  "text": "@triggerBody()['text']",
                  "text_1": "@triggerBody()['text_1']"
                },
                "retryPolicy": {
                  "type": "none"
                }
              }
            }
          },
          "runAfter": {
            "Condition_-_Table_exists": [
              "Succeeded"
            ]
          },
          "expression": {
            "equals": [
              "@triggerBody()['text_2']",
              "Number of rows"
            ]
          },
          "metadata": {
            "operationMetadataId": "9fe7038c-3775-46c9-9cbe-33fde55d82cb"
          },
          "type": "If"
        },
        "Condition_-_Add_row": {
          "actions": {
            "Run_a_Child_Flow_-_Add_row": {
              "runAfter": {},
              "metadata": {
                "operationMetadataId": "971b85e3-ec69-4e1a-a00c-636c6e6d93c2"
              },
              "type": "Workflow",
              "inputs": {
                "host": {
                  "workflowReferenceName": "9e46f769-5ef7-ef11-bae2-000d3ab814a4"
                },
                "body": {
                  "number": "@triggerBody()['number']",
                  "text": "@triggerBody()['text']",
                  "text_1": "@triggerBody()['text_1']"
                },
                "retryPolicy": {
                  "type": "none"
                }
              }
            }
          },
          "runAfter": {
            "Condition_-_Number_of_rows": [
              "Succeeded"
            ]
          },
          "expression": {
            "equals": [
              "@triggerBody()['text_2']",
              "Add row"
            ]
          },
          "metadata": {
            "operationMetadataId": "221f13d3-71fa-4dbb-8516-4e2f40bd9a1c"
          },
          "type": "If"
        },
        "Condition_-_Add_row_-_Selected_environment": {
          "actions": {
            "Run_a_Child_Flow_-_Add_row_-_Selected_environment": {
              "runAfter": {},
              "metadata": {
                "operationMetadataId": "971b85e3-ec69-4e1a-a00c-636c6e6d93c2"
              },
              "type": "Workflow",
              "inputs": {
                "host": {
                  "workflowReferenceName": "5181b553-5abd-ef11-b8e8-6045bd966154"
                },
                "body": {
                  "number": "@triggerBody()['number']",
                  "text": "@triggerBody()['text']",
                  "text_1": "@triggerBody()['text_1']"
                },
                "retryPolicy": {
                  "type": "none"
                }
              }
            }
          },
          "runAfter": {
            "Condition_-_Add_row": [
              "Succeeded"
            ]
          },
          "expression": {
            "equals": [
              "@triggerBody()['text_2']",
              "Add row - Selected environment"
            ]
          },
          "metadata": {
            "operationMetadataId": "221f13d3-71fa-4dbb-8516-4e2f40bd9a1c"
          },
          "type": "If"
        }
      }
    },
    "templateName": ""
  },
  "schemaVersion": "1.0.0.0"
}