{
  "properties": {
    "connectionReferences": {
      "shared_sharepointonline_1": {
        "runtimeSource": "embedded",
        "connection": {
          "connectionReferenceLogicalName": "faf_KookaburraSharePoint"
        },
        "api": {
          "name": "shared_sharepointonline"
        }
      },
      "shared_commondataserviceforapps": {
        "runtimeSource": "embedded",
        "connection": {
          "connectionReferenceLogicalName": "faf_KookaburraDataverse"
        },
        "api": {
          "name": "shared_commondataserviceforapps"
        }
      }
    },
    "definition": {
      "$schema": "https://schema.management.azure.com/providers/Microsoft.Logic/schemas/2016-06-01/workflowdefinition.json#",
      "contentVersion": "1.0.0.0",
      "parameters": {
        "$connections": {
          "defaultValue": {},
          "type": "Object"
        },
        "$authentication": {
          "defaultValue": {},
          "type": "SecureObject"
        },
        "KKB_FlowRunURLBase (faf_KKB_FlowRunURLBase)": {
          "defaultValue": "https://make.powerautomate.com/environments/",
          "type": "String",
          "metadata": {
            "schemaName": "faf_KKB_FlowRunURLBase"
          }
        }
      },
      "triggers": {
        "manual": {
          "metadata": {
            "operationMetadataId": "4fea3bba-3367-4951-b8b5-af6a4b3c64d6"
          },
          "type": "Request",
          "kind": "Button",
          "inputs": {
            "schema": {
              "type": "object",
              "properties": {
                "number": {
                  "title": "Version",
                  "type": "number",
                  "x-ms-dynamically-added": true,
                  "description": "The version of the automation",
                  "x-ms-content-hint": "NUMBER"
                },
                "text": {
                  "title": "Input",
                  "type": "string",
                  "x-ms-dynamically-added": true,
                  "description": "JSON input",
                  "x-ms-content-hint": "TEXT"
                },
                "text_1": {
                  "title": "Log",
                  "type": "string",
                  "x-ms-dynamically-added": true,
                  "description": "The console log to update",
                  "x-ms-content-hint": "TEXT"
                }
              },
              "required": [
                "number",
                "text",
                "text_1"
              ]
            }
          }
        }
      },
      "actions": {
        "Respond_to_a_Power_App_or_flow": {
          "runAfter": {
            "Run_a_Child_Flow_-_Create_information_record_-_Begin": [
              "Succeeded"
            ]
          },
          "metadata": {
            "operationMetadataId": "91796421-8ffc-4469-9dd9-d2ff3e62a59c"
          },
          "type": "Response",
          "kind": "PowerApp",
          "inputs": {
            "statusCode": 200,
            "body": {},
            "schema": {
              "type": "object",
              "properties": {}
            }
          }
        },
        "Initialize_variable_-_varError": {
          "runAfter": {
            "Respond_to_a_Power_App_or_flow": [
              "Succeeded"
            ]
          },
          "metadata": {
            "operationMetadataId": "a5b2ba09-fdd7-4326-99e6-a8944fc3be72"
          },
          "type": "InitializeVariable",
          "inputs": {
            "variables": [
              {
                "name": "varError",
                "type": "boolean",
                "value": "@false"
              }
            ]
          }
        },
        "Initialize_variable_-_varErrorAction": {
          "runAfter": {
            "Initialize_variable_-_varError": [
              "Succeeded"
            ]
          },
          "metadata": {
            "operationMetadataId": "633652a8-7dd9-4540-a50c-9e9aacb595ce"
          },
          "type": "InitializeVariable",
          "inputs": {
            "variables": [
              {
                "name": "varErrorAction",
                "type": "string"
              }
            ]
          }
        },
        "Initialize_variable_-_varErrorMessage": {
          "runAfter": {
            "Initialize_variable_-_varErrorAction": [
              "Succeeded"
            ]
          },
          "metadata": {
            "operationMetadataId": "ad2e01cd-6d2b-4ac4-93d8-12becb810911"
          },
          "type": "InitializeVariable",
          "inputs": {
            "variables": [
              {
                "name": "varErrorMessage",
                "type": "string"
              }
            ]
          }
        },
        "Compose_-_Workflow": {
          "runAfter": {
            "Initialize_variable_-_varErrorMessage": [
              "Succeeded"
            ]
          },
          "metadata": {
            "operationMetadataId": "b48d32b1-1c71-4652-a93c-c361f5456f94"
          },
          "type": "Compose",
          "inputs": "@workflow()"
        },
        "Scope_-_Try": {
          "actions": {
            "Parse_JSON_-_Input": {
              "runAfter": {},
              "metadata": {
                "operationMetadataId": "02a18ce0-2cd7-4dca-b25f-47ce73d44f40"
              },
              "type": "ParseJson",
              "inputs": {
                "content": "@triggerBody()['text']",
                "schema": {
                  "type": "object",
                  "properties": {
                    "SiteURL": {
                      "type": "string"
                    },
                    "List": {
                      "type": "string"
                    }
                  }
                }
              }
            },
            "Switch_-_Version": {
              "runAfter": {
                "Parse_JSON_-_Input": [
                  "Succeeded"
                ]
              },
              "cases": {
                "Case_-_1": {
                  "case": 1,
                  "actions": {
                    "Send_an_HTTP_request_to_SharePoint": {
                      "runAfter": {},
                      "metadata": {
                        "operationMetadataId": "26fc2acf-5e2d-431f-b8dc-02c408dcfd1d"
                      },
                      "type": "OpenApiConnection",
                      "inputs": {
                        "host": {
                          "connectionName": "shared_sharepointonline_1",
                          "operationId": "HttpRequest",
                          "apiId": "/providers/Microsoft.PowerApps/apis/shared_sharepointonline"
                        },
                        "parameters": {
                          "dataset": "@body('Parse_JSON_-_Input')?['SiteURL']",
                          "parameters/method": "GET",
                          "parameters/uri": "_api/web/lists?$select=Title&$filter=Title eq '@{body('Parse_JSON_-_Input')?['List']}'"
                        },
                        "authentication": {
                          "type": "Raw",
                          "value": "@json(decodeBase64(triggerOutputs().headers['X-MS-APIM-Tokens']))['$ConnectionKey']"
                        },
                        "retryPolicy": {
                          "type": "none"
                        }
                      }
                    },
                    "Parse_JSON_-_HTTP_request_to_SharePoint": {
                      "runAfter": {
                        "Send_an_HTTP_request_to_SharePoint": [
                          "Succeeded"
                        ]
                      },
                      "metadata": {
                        "operationMetadataId": "6b3521b5-56e6-4d5d-a38c-5b7ef9cd2add"
                      },
                      "type": "ParseJson",
                      "inputs": {
                        "content": "@body('Send_an_HTTP_request_to_SharePoint')",
                        "schema": {
                          "type": "object",
                          "properties": {
                            "d": {
                              "type": "object",
                              "properties": {
                                "results": {
                                  "type": "array",
                                  "items": {
                                    "type": "object",
                                    "properties": {
                                      "__metadata": {
                                        "type": "object",
                                        "properties": {
                                          "id": {
                                            "type": "string"
                                          },
                                          "uri": {
                                            "type": "string"
                                          },
                                          "etag": {
                                            "type": "string"
                                          },
                                          "type": {
                                            "type": "string"
                                          }
                                        }
                                      },
                                      "Title": {
                                        "type": "string"
                                      }
                                    },
                                    "required": [
                                      "__metadata",
                                      "Title"
                                    ]
                                  }
                                }
                              }
                            }
                          }
                        }
                      }
                    },
                    "Condition_-_List_exists": {
                      "actions": {
                        "Compose_-_Exists": {
                          "runAfter": {},
                          "metadata": {
                            "operationMetadataId": "8ce2ecdb-c858-4be1-9473-49449d25c3d4"
                          },
                          "type": "Compose",
                          "inputs": "Yes"
                        }
                      },
                      "runAfter": {
                        "Parse_JSON_-_HTTP_request_to_SharePoint": [
                          "Succeeded"
                        ]
                      },
                      "else": {
                        "actions": {
                          "Compose_-_Does_not_exist": {
                            "runAfter": {},
                            "metadata": {
                              "operationMetadataId": "de56e129-78c5-48e5-924e-c7e6d89c8404"
                            },
                            "type": "Compose",
                            "inputs": "No"
                          }
                        }
                      },
                      "expression": {
                        "greater": [
                          "@length(body('Parse_JSON_-_HTTP_request_to_SharePoint')?['d']?['results'])",
                          0
                        ]
                      },
                      "metadata": {
                        "operationMetadataId": "b1db5e09-eed3-4837-9fd4-37f9a5207fbe"
                      },
                      "type": "If"
                    }
                  }
                }
              },
              "default": {
                "actions": {}
              },
              "expression": "@triggerBody()['number']",
              "metadata": {
                "operationMetadataId": "a5907a4b-544d-48dd-935b-7498a5d60876"
              },
              "type": "Switch"
            }
          },
          "runAfter": {
            "Get_a_row_by_ID_-_Automation_instance": [
              "Succeeded"
            ]
          },
          "metadata": {
            "operationMetadataId": "a51259e0-0297-466a-ae33-fbd0083cd21d"
          },
          "type": "Scope"
        },
        "Scope_-_Catch": {
          "actions": {
            "Set_variable_-_varError": {
              "runAfter": {},
              "metadata": {
                "operationMetadataId": "8c455889-d5c5-4d7f-b670-7686f0479167"
              },
              "type": "SetVariable",
              "inputs": {
                "name": "varError",
                "value": "@true"
              }
            },
            "Filter_array": {
              "runAfter": {
                "Set_variable_-_varError": [
                  "Succeeded"
                ]
              },
              "metadata": {
                "operationMetadataId": "3524ac39-af6b-46b4-b7e5-3d9046a52605"
              },
              "type": "Query",
              "inputs": {
                "from": "@result('Scope_-_Try')",
                "where": "@or(equals(item()?['Status'], 'Failed'), equals(item()?['Status'], 'TimedOut'))"
              }
            },
            "Set_variable_-_varErrorAction": {
              "runAfter": {
                "Filter_array": [
                  "Succeeded"
                ]
              },
              "metadata": {
                "operationMetadataId": "f85ae604-db45-4974-bf1e-2665a163b83e"
              },
              "type": "SetVariable",
              "inputs": {
                "name": "varErrorAction",
                "value": "@{first(body('Filter_array'))?['name']}"
              }
            },
            "Set_variable_-_varErrorMessage": {
              "runAfter": {
                "Set_variable_-_varErrorAction": [
                  "Succeeded"
                ]
              },
              "metadata": {
                "operationMetadataId": "ccfaf8ac-efe0-4527-9fb4-48488a5f594c"
              },
              "type": "SetVariable",
              "inputs": {
                "name": "varErrorMessage",
                "value": "@{first(body('Filter_array'))?['code']}"
              }
            }
          },
          "runAfter": {
            "Scope_-_Try": [
              "Failed",
              "TimedOut"
            ]
          },
          "metadata": {
            "operationMetadataId": "a583e0a2-f5a5-48ff-8642-b77aea9531a5"
          },
          "type": "Scope"
        },
        "Scope_-_Finally": {
          "actions": {
            "Condition_-_varError": {
              "actions": {
                "Parse_JSON_-_Workflow": {
                  "runAfter": {},
                  "metadata": {
                    "operationMetadataId": "266cd255-4252-4dde-a147-69ed34be10d5"
                  },
                  "type": "ParseJson",
                  "inputs": {
                    "content": "@outputs('Compose_-_Workflow')",
                    "schema": {
                      "type": "object",
                      "properties": {
                        "id": {
                          "type": "string"
                        },
                        "name": {
                          "type": "string"
                        },
                        "type": {
                          "type": "string"
                        },
                        "location": {
                          "type": "string"
                        },
                        "tags": {
                          "type": "object",
                          "properties": {
                            "flowDisplayName": {
                              "type": "string"
                            },
                            "environmentName": {
                              "type": "string"
                            },
                            "logicAppName": {
                              "type": "string"
                            },
                            "environmentWorkflowId": {
                              "type": "string"
                            },
                            "xrmWorkflowId": {
                              "type": "string"
                            },
                            "environmentFlowSuspensionReason": {
                              "type": "string"
                            },
                            "sharingType": {
                              "type": "string"
                            },
                            "state": {
                              "type": "string"
                            },
                            "createdTime": {
                              "type": "string"
                            },
                            "lastModifiedTime": {
                              "type": "string"
                            },
                            "createdBy": {
                              "type": "string"
                            },
                            "triggerType": {
                              "type": "string"
                            }
                          }
                        },
                        "run": {
                          "type": "object",
                          "properties": {
                            "id": {
                              "type": "string"
                            },
                            "name": {
                              "type": "string"
                            },
                            "type": {
                              "type": "string"
                            }
                          }
                        }
                      }
                    }
                  }
                },
                "Add_a_new_row_-_Error_log": {
                  "runAfter": {
                    "Parse_JSON_-_Workflow": [
                      "Succeeded"
                    ]
                  },
                  "metadata": {
                    "operationMetadataId": "7b498db6-009d-4af8-8dc2-b9a9be77fe23"
                  },
                  "type": "OpenApiConnection",
                  "inputs": {
                    "host": {
                      "connectionName": "shared_commondataserviceforapps",
                      "operationId": "CreateRecord",
                      "apiId": "/providers/Microsoft.PowerApps/apis/shared_commondataserviceforapps"
                    },
                    "parameters": {
                      "entityName": "faf_kkb_errorlogs",
                      "item/faf_kkbchildflow": "@body('Parse_JSON_-_Workflow')?['tags']?['flowDisplayName']",
                      "item/faf_kkbchildflowinput": "@triggerBody()['text']",
                      "item/faf_kkbchildflowlog": "@triggerBody()['text_1']",
                      "item/faf_kkbchildflowversion": "@triggerBody()['number']",
                      "item/faf_kkberroraction": "@variables('varErrorAction')",
                      "item/faf_kkberrormessage": "@variables('varErrorMessage')",
                      "item/faf_kkbflowrunurl": "@concat(parameters('KKB_FlowRunURLBase (faf_KKB_FlowRunURLBase)'), body('Parse_JSON_-_Workflow')?['tags']?['environmentName'], '/flows/', body('Parse_JSON_-_Workflow')?['name'], '/runs/', body('Parse_JSON_-_Workflow')?['run']?['name'])"
                    },
                    "authentication": {
                      "type": "Raw",
                      "value": "@json(decodeBase64(triggerOutputs().headers['X-MS-APIM-Tokens']))['$ConnectionKey']"
                    },
                    "retryPolicy": {
                      "type": "none"
                    }
                  }
                },
                "Run_a_Child_Flow_-_Update_console_record_-_Error": {
                  "runAfter": {
                    "Add_a_new_row_-_Error_log": [
                      "Succeeded"
                    ]
                  },
                  "metadata": {
                    "operationMetadataId": "e7b00b33-ec1f-44b7-a3e7-10c6a9d03048"
                  },
                  "type": "Workflow",
                  "inputs": {
                    "host": {
                      "workflowReferenceName": "e9058058-c5be-ef11-b8e8-6045bd9489cd"
                    },
                    "body": {
                      "text": "@triggerBody()?['text_1']",
                      "text_1": "Flow error",
                      "text_2": "A flow error occured."
                    },
                    "retryPolicy": {
                      "type": "none"
                    }
                  }
                }
              },
              "runAfter": {},
              "else": {
                "actions": {
                  "Run_a_Child_Flow_-_Update_console_record_-_Ok": {
                    "runAfter": {},
                    "metadata": {
                      "operationMetadataId": "10083ab1-6617-4ff2-b292-a76c700a0956"
                    },
                    "type": "Workflow",
                    "inputs": {
                      "host": {
                        "workflowReferenceName": "e9058058-c5be-ef11-b8e8-6045bd9489cd"
                      },
                      "body": {
                        "text": "@triggerBody()['text_1']",
                        "text_1": "Ok",
                        "text_2": "@coalesce(outputs('Compose_-_Exists'), outputs('Compose_-_Does_not_exist'))"
                      },
                      "retryPolicy": {
                        "type": "none"
                      }
                    }
                  }
                }
              },
              "expression": {
                "equals": [
                  "@variables('varError')",
                  "@true"
                ]
              },
              "metadata": {
                "operationMetadataId": "4d0b9f01-2770-4363-9d13-83fb4a6ce924"
              },
              "type": "If"
            },
            "Condition_-_Single_schedule": {
              "actions": {
                "Update_a_row_-_Automation_instance": {
                  "runAfter": {},
                  "metadata": {
                    "operationMetadataId": "412859b3-d42d-4e98-b82c-97d79b5fb8c2"
                  },
                  "type": "OpenApiConnection",
                  "inputs": {
                    "host": {
                      "connectionName": "shared_commondataserviceforapps",
                      "operationId": "UpdateOnlyRecord",
                      "apiId": "/providers/Microsoft.PowerApps/apis/shared_commondataserviceforapps"
                    },
                    "parameters": {
                      "entityName": "faf_kkb_automationinstances",
                      "recordId": "@outputs('Get_a_row_by_ID_-_Automation_instance')?['body/faf_kkb_automationinstanceid']",
                      "item/faf_kkbstatus": "Done"
                    },
                    "authentication": {
                      "type": "Raw",
                      "value": "@json(decodeBase64(triggerOutputs().headers['X-MS-APIM-Tokens']))['$ConnectionKey']"
                    },
                    "retryPolicy": {
                      "type": "none"
                    }
                  }
                }
              },
              "runAfter": {
                "Condition_-_varError": [
                  "Succeeded"
                ]
              },
              "expression": {
                "equals": [
                  "@outputs('Get_a_row_by_ID_-_Automation_instance')?['body/faf_kkbschedule']",
                  "Single"
                ]
              },
              "metadata": {
                "operationMetadataId": "79499097-3b75-4aea-9e1a-6c19ed367ae8"
              },
              "type": "If"
            }
          },
          "runAfter": {
            "Scope_-_Catch": [
              "Succeeded",
              "Failed",
              "Skipped",
              "TimedOut"
            ]
          },
          "metadata": {
            "operationMetadataId": "2ca5baf4-3852-41bf-972a-20c805eabcee"
          },
          "type": "Scope"
        },
        "Run_a_Child_Flow_-_Create_information_record_-_Begin": {
          "runAfter": {},
          "metadata": {
            "operationMetadataId": "ba11da2e-c8ad-4daf-8aed-8e71649c57b2"
          },
          "type": "Workflow",
          "inputs": {
            "host": {
              "workflowReferenceName": "e37d11ea-c4be-ef11-b8e8-6045bd9489cd"
            },
            "body": {
              "text": "@triggerBody()['text_1']",
              "text_1": "Child flow started at: @{utcNow()}"
            },
            "retryPolicy": {
              "type": "none"
            }
          }
        },
        "Run_a_Child_Flow_-_Create_information_record_-_End": {
          "runAfter": {
            "Scope_-_Finally": [
              "Succeeded"
            ]
          },
          "metadata": {
            "operationMetadataId": "ba11da2e-c8ad-4daf-8aed-8e71649c57b2"
          },
          "type": "Workflow",
          "inputs": {
            "host": {
              "workflowReferenceName": "e37d11ea-c4be-ef11-b8e8-6045bd9489cd"
            },
            "body": {
              "text": "@triggerBody()['text_1']",
              "text_1": "Child flow ended at: @{utcNow()}"
            },
            "retryPolicy": {
              "type": "none"
            }
          }
        },
        "Get_a_row_by_ID_-_Log": {
          "runAfter": {
            "Compose_-_Workflow": [
              "Succeeded"
            ]
          },
          "metadata": {
            "operationMetadataId": "23f3a6ad-44ed-4bb2-9b0b-148af068e875"
          },
          "type": "OpenApiConnection",
          "inputs": {
            "host": {
              "connectionName": "shared_commondataserviceforapps",
              "operationId": "GetItem",
              "apiId": "/providers/Microsoft.PowerApps/apis/shared_commondataserviceforapps"
            },
            "parameters": {
              "entityName": "faf_kkb_logs",
              "recordId": "@triggerBody()['text_1']"
            },
            "authentication": {
              "type": "Raw",
              "value": "@json(decodeBase64(triggerOutputs().headers['X-MS-APIM-Tokens']))['$ConnectionKey']"
            },
            "retryPolicy": {
              "type": "none"
            }
          }
        },
        "Get_a_row_by_ID_-_Automation": {
          "runAfter": {
            "Get_a_row_by_ID_-_Log": [
              "Succeeded"
            ]
          },
          "metadata": {
            "operationMetadataId": "e12710d2-e7be-4311-a180-fb25e2ff15b0"
          },
          "type": "OpenApiConnection",
          "inputs": {
            "host": {
              "connectionName": "shared_commondataserviceforapps",
              "operationId": "GetItem",
              "apiId": "/providers/Microsoft.PowerApps/apis/shared_commondataserviceforapps"
            },
            "parameters": {
              "entityName": "faf_kkb_automations",
              "recordId": "@outputs('Get_a_row_by_ID_-_Log')?['body/_faf_kkb_automation_value']"
            },
            "authentication": {
              "type": "Raw",
              "value": "@json(decodeBase64(triggerOutputs().headers['X-MS-APIM-Tokens']))['$ConnectionKey']"
            },
            "retryPolicy": {
              "type": "none"
            }
          }
        },
        "Get_a_row_by_ID_-_Automation_instance": {
          "runAfter": {
            "Get_a_row_by_ID_-_Automation": [
              "Succeeded"
            ]
          },
          "metadata": {
            "operationMetadataId": "bde5f99d-237a-4d95-aeaf-693a83524a01"
          },
          "type": "OpenApiConnection",
          "inputs": {
            "host": {
              "connectionName": "shared_commondataserviceforapps",
              "operationId": "GetItem",
              "apiId": "/providers/Microsoft.PowerApps/apis/shared_commondataserviceforapps"
            },
            "parameters": {
              "entityName": "faf_kkb_automationinstances",
              "recordId": "@outputs('Get_a_row_by_ID_-_Log')?['body/_faf_kkb_automationinstance_value']"
            },
            "authentication": {
              "type": "Raw",
              "value": "@json(decodeBase64(triggerOutputs().headers['X-MS-APIM-Tokens']))['$ConnectionKey']"
            },
            "retryPolicy": {
              "type": "none"
            }
          }
        }
      }
    },
    "templateName": ""
  },
  "schemaVersion": "1.0.0.0"
}