{
  "properties": {
    "connectionReferences": {},
    "definition": {
      "$schema": "https://schema.management.azure.com/providers/Microsoft.Logic/schemas/2016-06-01/workflowdefinition.json#",
      "contentVersion": "1.0.0.0",
      "parameters": {
        "$authentication": {
          "defaultValue": {},
          "type": "SecureObject"
        }
      },
      "triggers": {
        "manual": {
          "metadata": {
            "operationMetadataId": "7894904c-6b22-486b-aafa-05e5598783b9"
          },
          "type": "Request",
          "kind": "Button",
          "inputs": {
            "schema": {
              "type": "object",
              "properties": {
                "number": {
                  "description": "The version of the automation",
                  "title": "Version",
                  "type": "number",
                  "x-ms-content-hint": "NUMBER",
                  "x-ms-dynamically-added": true
                },
                "text": {
                  "description": "JSON input",
                  "title": "Input",
                  "type": "string",
                  "x-ms-content-hint": "TEXT",
                  "x-ms-dynamically-added": true
                },
                "text_1": {
                  "description": "The console log to update",
                  "title": "Log",
                  "type": "string",
                  "x-ms-content-hint": "TEXT",
                  "x-ms-dynamically-added": true
                },
                "text_2": {
                  "description": "The title of the automation",
                  "title": "Automation",
                  "type": "string",
                  "x-ms-content-hint": "TEXT",
                  "x-ms-dynamically-added": true
                }
              },
              "required": [
                "number",
                "text",
                "text_1",
                "text_2"
              ]
            }
          }
        }
      },
      "actions": {
        "Respond_to_a_Power_App_or_flow": {
          "runAfter": {},
          "metadata": {
            "operationMetadataId": "ed8e5757-158d-494d-9166-07473b62ecea"
          },
          "type": "Response",
          "kind": "PowerApp",
          "inputs": {
            "statusCode": 200,
            "body": {},
            "schema": {
              "type": "object",
              "properties": {}
            }
          }
        },
        "Condition_-_List_exists": {
          "actions": {
            "Run_a_Child_Flow_-_List_exists": {
              "runAfter": {},
              "metadata": {
                "operationMetadataId": "a269bbb6-d0fb-435e-9b66-53a5fdb1f0d5"
              },
              "type": "Workflow",
              "inputs": {
                "host": {
                  "workflowReferenceName": "70394cf3-7cb0-ef11-b8e9-6045bd89e61e"
                },
                "body": {
                  "number": "@triggerBody()['number']",
                  "text": "@triggerBody()['text']",
                  "text_1": "@triggerBody()['text_1']"
                },
                "retryPolicy": {
                  "type": "none"
                }
              }
            }
          },
          "runAfter": {
            "Respond_to_a_Power_App_or_flow": [
              "Succeeded"
            ]
          },
          "expression": {
            "equals": [
              "@triggerBody()['text_2']",
              "List exists"
            ]
          },
          "metadata": {
            "operationMetadataId": "ccbe8315-5de0-4226-b858-353dc5a0ab44"
          },
          "type": "If"
        },
        "Condition_-_Number_of_items": {
          "actions": {
            "Run_a_Child_Flow_-_Number_of_items": {
              "runAfter": {},
              "metadata": {
                "operationMetadataId": "15a1ef82-f693-4ac9-a8e7-26b5ae26d53d"
              },
              "type": "Workflow",
              "inputs": {
                "host": {
                  "workflowReferenceName": "6bc4530b-7db0-ef11-b8e9-6045bd89e61e"
                },
                "body": {
                  "number": "@triggerBody()['number']",
                  "text": "@triggerBody()['text']",
                  "text_1": "@triggerBody()['text_1']"
                },
                "retryPolicy": {
                  "type": "none"
                }
              }
            }
          },
          "runAfter": {
            "Condition_-_List_exists": [
              "Succeeded"
            ]
          },
          "expression": {
            "equals": [
              "@triggerBody()['text_2']",
              "Number of items"
            ]
          },
          "metadata": {
            "operationMetadataId": "c3a5b6f4-e1a7-4d67-889f-8dab846543c5"
          },
          "type": "If"
        },
        "Condition_-_Clear_group": {
          "actions": {
            "Run_a_Child_Flow_-_Clear_group": {
              "runAfter": {},
              "metadata": {
                "operationMetadataId": "31ece72b-efae-456f-ae42-a07d72b68550"
              },
              "type": "Workflow",
              "inputs": {
                "host": {
                  "workflowReferenceName": "338877c4-5bbd-ef11-b8e8-6045bd966154"
                },
                "body": {
                  "number": "@triggerBody()['number']",
                  "text": "@triggerBody()['text']",
                  "text_1": "@triggerBody()['text_1']"
                },
                "retryPolicy": {
                  "type": "none"
                }
              }
            }
          },
          "runAfter": {
            "Condition_-_Number_of_items": [
              "Succeeded"
            ]
          },
          "expression": {
            "equals": [
              "@triggerBody()['text_2']",
              "Clear group"
            ]
          },
          "metadata": {
            "operationMetadataId": "5a0bd034-c4a0-475b-811d-9ce39cd453b8"
          },
          "type": "If"
        }
      }
    },
    "templateName": ""
  },
  "schemaVersion": "1.0.0.0"
}