{
  "properties": {
    "connectionReferences": {
      "shared_commondataserviceforapps": {
        "runtimeSource": "embedded",
        "connection": {
          "connectionReferenceLogicalName": "faf_KookaburraDataverse"
        },
        "api": {
          "name": "shared_commondataserviceforapps"
        }
      }
    },
    "definition": {
      "$schema": "https://schema.management.azure.com/providers/Microsoft.Logic/schemas/2016-06-01/workflowdefinition.json#",
      "contentVersion": "1.0.0.0",
      "parameters": {
        "$connections": {
          "defaultValue": {},
          "type": "Object"
        },
        "$authentication": {
          "defaultValue": {},
          "type": "SecureObject"
        }
      },
      "triggers": {
        "manual": {
          "metadata": {
            "operationMetadataId": "6ee347ad-5c91-4c0d-bb68-4b4c2581ea99"
          },
          "type": "Request",
          "kind": "Button",
          "inputs": {
            "schema": {
              "type": "object",
              "properties": {
                "text": {
                  "title": "Log",
                  "type": "string",
                  "x-ms-dynamically-added": true,
                  "description": "The console record to update",
                  "x-ms-content-hint": "TEXT"
                },
                "text_1": {
                  "title": "Result",
                  "type": "string",
                  "x-ms-dynamically-added": true,
                  "description": "The result",
                  "x-ms-content-hint": "TEXT"
                },
                "text_2": {
                  "title": "Description",
                  "type": "string",
                  "x-ms-dynamically-added": true,
                  "description": "The description",
                  "x-ms-content-hint": "TEXT"
                }
              },
              "required": [
                "text",
                "text_1"
              ]
            }
          }
        }
      },
      "actions": {
        "Respond_to_a_Power_App_or_flow": {
          "runAfter": {
            "Update_a_row_-_Console_record": [
              "Succeeded"
            ]
          },
          "metadata": {
            "operationMetadataId": "83b69c08-8c44-481d-9299-8755201a56b1"
          },
          "type": "Response",
          "kind": "PowerApp",
          "inputs": {
            "statusCode": 200,
            "body": {},
            "schema": {
              "type": "object",
              "properties": {}
            }
          }
        },
        "Update_a_row_-_Console_record": {
          "runAfter": {},
          "metadata": {
            "operationMetadataId": "369fc34a-3a13-4688-8981-bb46ca4f101c"
          },
          "type": "OpenApiConnection",
          "inputs": {
            "host": {
              "connectionName": "shared_commondataserviceforapps",
              "operationId": "UpdateOnlyRecord",
              "apiId": "/providers/Microsoft.PowerApps/apis/shared_commondataserviceforapps"
            },
            "parameters": {
              "entityName": "faf_kkb_logs",
              "recordId": "@triggerBody()['text']",
              "item/faf_kkbdescription": "@triggerBody()?['text_2']",
              "item/faf_kkbend": "@utcNow()",
              "item/faf_kkbresult": "@triggerBody()['text_1']"
            },
            "authentication": {
              "type": "Raw",
              "value": "@json(decodeBase64(triggerOutputs().headers['X-MS-APIM-Tokens']))['$ConnectionKey']"
            },
            "retryPolicy": {
              "type": "none"
            }
          }
        }
      }
    },
    "templateName": ""
  },
  "schemaVersion": "1.0.0.0"
}