{"__Version":"0.1","App":"1998b4af-9c5b-4c7d-93e4-8f4a4ccf1a00","Test_7F478737223C4B69":"73394c43-aa01-46af-8f36-c0751e2e562f","Host":"85804287-75eb-4149-b5b0-c9b3dc5ed444","PACo_Spinner_A":"c2a40d36-fbf9-4e89-81f0-5643f97091f9","img_Spinner_A":"76cdcd85-aa92-4f38-8272-7a4eb891e035","lbl_Spinner_A":"4f058f7a-30bd-48ae-822f-5e078bfca833","PACo_DetailsList_B":"586007c8-6609-4ffa-92c8-ea1e65451c30","html_DetailsList_B_Visualization":"02775f33-6e4e-4668-ad14-b6977864764b","shp_DetailsList_B_Visualization":"a8afbcbc-29d1-4baa-a6bb-6bff1c0aa9d8","cntr_DetailsList_B_Main":"29614af2-3a7f-4053-ba51-3b7cf2790077","cntr_DetailsList_B":"271e2214-f112-45c3-8d82-43e224133b50","lbl_DetailsList_B_Header_1":"1c33ae73-a9e1-4767-84b6-df776674f19e","icn_DetailsList_B_Header_1":"57f088a1-6a0b-4804-90a6-17a7a5871aff","cb_DetailsList_B_Header":"60e1743d-888a-4959-9982-fae0fa3a3a96","lbl_DetailsList_B_Header_2":"bd18f549-a3cd-4786-86cd-1baa4e3b34e9","icn_DetailsList_B_Header_2":"25b3ea00-7e3c-4b03-89f8-81a37ce4e978","img_DetailsList_B_Header_Sorting":"4239bf64-e13a-4799-9f3d-a33f1bf7b864","lbl_DetailsList_B_Header_3":"3e1bd88c-dbe0-4848-97ad-2a14a656c528","icn_DetailsList_B_Header_3":"69ab0e7c-d212-4a16-899c-ad05908dfcbb","lbl_DetailsList_B_Header_4":"52dadf12-d5d0-4001-ad84-bc98a50bfffb","icn_DetailsList_B_Header_4":"13714f94-5c12-4ffc-bf98-2f5b744eba94","lbl_DetailsList_B_Header_5":"0275e496-9ba4-4670-9a15-4e8a854ca90f","icn_DetailsList_B_Header_5":"687240d2-a4f6-4894-9852-8cad4cc76bd0","lbl_DetailsList_B_Header_6":"5d8672ce-ccf0-4bd8-abde-3241bb83807c","icn_DetailsList_B_Header_6":"61410034-12b6-481b-8d39-c50e890d078c","lbl_DetailsList_B_Header_7":"0bc08964-e95a-4989-be5b-53c306d0aafb","icn_DetailsList_B_Header_7":"4ae88993-0c97-4cf5-8234-100fb813502d","lbl_DetailsList_B_Header_8":"82959fb3-6141-41a3-8249-b2b456e3fe87","icn_DetailsList_B_Header_8":"9432e1a7-6c84-402c-842c-c9e2ea0c6002","lbl_DetailsList_B_Header_9":"2336c814-6530-48c3-a809-cc434814f544","icn_DetailsList_B_Header_9":"032f78eb-c123-4b2c-8b02-cb09222ff952","lbl_DetailsList_B_Header_10":"d899e57f-6624-4528-9180-36746cd460e8","icn_DetailsList_B_Header_10":"150da609-9e7a-407c-b6e7-b5109d48cc97","shp_DetailsList_B_Divider":"0a0342f3-c1ec-4b23-a511-f87931666b32","gall_DetailsList_B":"9afff13c-74e0-4b9d-8c8d-d1108e507549","galleryTemplate2_4":"c11801b6-aa26-4f8e-aecc-6ea9d83673d5","lbl_DetailsList_B_Gall_1":"531c937f-51d2-4ab5-b668-0d74d74dc7e8","cb_DetailsList_B_Gall":"bed2579c-a233-4f73-a666-ff224e25f5f6","shp_DetailsList_B_Gall":"7f6a8307-6a0d-4be3-ab93-10f25aeae686","lbl_DetailsList_B_Gall_2":"5b97e71c-9774-48af-b261-a27fb59b040e","lbl_DetailsList_B_Gall_3":"c64bb989-d2a7-4833-8220-436174601994","lbl_DetailsList_B_Gall_4":"af2acb4c-3cde-4c4d-a29f-08a94d543e7a","lbl_DetailsList_B_Gall_5":"5b30d330-c471-45b7-bd78-02baf10ff367","lbl_DetailsList_B_Gall_6":"25791b95-6563-4256-805f-ba3325d2d225","lbl_DetailsList_B_Gall_7":"f91cb419-4274-4822-886f-3ac2c1d88e0a","lbl_DetailsList_B_Gall_8":"0df6681e-b966-40a6-b1a3-25534a090978","lbl_DetailsList_B_Gall_9":"028e7997-5afd-4f33-b498-a8896c2315c7","lbl_DetailsList_B_Gall_10":"fed71b3b-ce0f-434b-85d2-a94cd037bf53","shp_DetailsList_B_Gall_Divider":"4d34f361-e5db-4855-b19c-152c09925a6b","PACo_Button_A":"5a7842a9-293a-4c4f-97fa-a4afa4a1d824","cntr_Button_A":"3e5e0770-0381-4944-89ee-7dc2195c9632","btn_Button_A":"501a4d0b-2329-443d-a51d-cfe406012186","icn_Button_A":"c0c49e70-9c37-4afb-b3fe-394bb82c1a31","img_Button_A":"fb16777a-bac5-479d-91da-5cdc46f9995b","lbl_Button_A":"ff17dbde-b465-4334-870f-4d9718000ba7","html_Button_A":"e208a9a8-75b1-4885-81bd-4e725446fe5c","PACo_Header_A":"60264297-ef9f-4e77-992f-bf9f32d9ab3c","html_Header_A_Visualization":"1cb75292-004c-4bcc-9a5d-0e9ff31053a1","lbl_Header_A":"55fb0cdb-d0aa-4505-9acf-fda2a4197566","img_Header_A_Back":"ddc87b8b-92f3-469b-a4cb-5b0b60bb1dc4","icn_Header_A_Back":"4bca5f97-90a8-4aa5-9410-d6ece5e8ccef","img_Header_A_Nav":"c6647164-f669-403f-b577-157569764b39","icn_Header_A_Nav":"722fae45-ed74-49d2-9292-e5d74622dd47","img_Header_A_SettingsMenu":"ab38f442-c786-497b-aa48-807f92b290c3","icn_Header_A_SettingsMenu":"bbf254b2-e4fc-4837-a8e5-5479fd23f764","img_Header_A_Help":"5cc390ab-2e77-4eaa-bda2-fa1f1865f995","icn_Header_A_Help":"7303e656-b6c7-41fb-bf7b-bbf45e2ea2f5","img_Header_A_LanguagesMenu":"84828ee1-bc93-468c-b059-44e3fc8940fc","icn_Header_A_LanguagesMenu":"bdf9c924-e73b-4a65-b690-a5d457a3f86d","img_Header_A_Logo":"0884a84d-3db4-4feb-ac57-997cbf0c5398","icn_Header_A_Logo":"81e4d373-a64f-47fb-b934-b8ae20e6f416","shp_Header_A_Visualization":"f0d5b8d7-9ca4-4545-8111-6f552e938e24","PACo_Visualization_A":"8f70de71-cc4d-4aee-bf69-a427100f40ed","html_Visualization_A":"6029e4eb-c54a-46a4-ae7c-db611678c290","shp_Visualization_A_Background":"13f155fe-250d-4e9e-ae64-9e75e60bc5d4","shp_Visualization_A":"0ec0ad8d-73e0-45fe-9787-28a13da5642b","PACo_Tile_B":"ff8b1b83-0550-46c9-ae93-e63c408c8a74","html_Tile_B_Visualization":"8b666b98-c662-4d77-b270-58343e0f06ef","shp_Tile_B_Background":"b1fb1964-1afa-48bc-9eac-38fc169df89b","shp_Tile_B_Visualization":"b03d7254-85f9-47b1-992e-e36c70f48682","lbl_Tile_B":"60a1c02c-dcf1-461e-b4cb-1b690e9071f0","icn_Tile_B":"3c1dba25-df38-4850-b45c-e9ef85d59bc8","PACo_Tile_A":"138ffcaf-c24d-46e1-9272-93137749b79b","html_Tile_A_Visualization":"01c65d5e-4468-4050-887e-4ae78860a42e","shp_Tile_A_Background":"1a86baf7-ff4e-41b2-9ddd-1903b8fbc118","shp_Tile_A_Visualization":"6dbb7ca7-4603-4e94-ae5a-934bac3694b1","lbl_Tile_A_Text":"781f9867-c685-4b29-b0e4-6d0206ecfefe","lbl_Tile_A_Value":"d4615368-50eb-427f-8b26-7f524c083990","PACo_Dialog_A":"80026cd3-1f81-400c-8bcc-58a36828d5f3","cntr_Dialog_A":"7aa5da00-3f94-443f-9ef5-6405327dd0d2","html_Dialog_A_Visualization":"d5ca14a1-d8c7-4571-b139-c5e1773de95d","shp_Dialog_A_Visualization":"ae19f653-57fc-4cde-a479-bbe6e12abcf6","shp_Dialog_A_Area":"11529fca-e0d3-44d0-8212-3603a1837aae","lbl_Dialog_A_Title":"09a2650d-edab-4a50-9656-259881c3435e","lbl_Dialog_A_Message":"cb3a9d18-1756-4431-bef2-9f7db5381323","html_Dialog_A_Message":"0572b1ff-b146-48bc-9431-f1acfac59776","cntr_Dialog_A_Button_Last":"64afb422-f0f4-4e3b-a275-02dbc68a4ba3","icn_Dialog_A_Button_Last":"f2a70381-cefd-4122-ac64-3c906f76ff96","img_Dialog_A_Button_Last":"0eeeb99b-5d89-4ed5-971b-2bda2d70713d","lbl_Dialog_A_Button_Last":"db6df7aa-8596-4a34-8069-93689c6dd48c","btn_Dialog_A_Button_Last":"5f3be8dc-de28-4b03-bee6-7605ae693746","cntr_Dialog_A_Button_First":"609c21d1-b6c6-4803-bab5-68a16ab03c29","btn_Dialog_A_Button_First":"f5fd7465-5a0e-4aef-8e11-c88b449b4f83","icn_Dialog_A_Button_First":"cd49660f-6dcc-417a-9032-363a4621ab8e","img_Dialog_A_Button_First":"05ec9104-ab90-438a-ba23-f93ffac1dd75","lbl_Dialog_A_Button_First":"79b6caf0-3636-44f2-8f84-69738c7f6497","html_Dialog_A_Button_First":"982e86aa-7ad2-4308-b43d-2f8c5eeb26a0","html_Dialog_A_Button_Last":"df27d37f-f6a6-495a-b8ad-9846f7f224e5","Home Screen":"e0c9effc-ba29-4ad1-bc6d-963fd3c6c881","btn_Home":"3e85b448-39d6-4e30-9985-21bc70161c33","lbl_Home":"a996510c-1416-4431-9e2f-d49b3e22299f","cntr_Home":"56409e25-7368-430a-b49a-6d666c9ae3d8","cmp_Home_PACo_Header_A":"979ac251-8a2a-4a96-83a9-7853277ec993","cmp_Home_PACo_Spinner_A":"ac741920-073a-4eef-a67c-e3ab5d13db25","cntr_Home_Description":"21ac32a2-f198-4de7-92df-7ec6ff810e30","cmp_Home_PACo_Visualization_A_Description":"54e5d91a-cabb-4e8c-bf64-0f9f6a3c2cfb","shp_Home_Description":"c1035916-b492-4903-abdf-5f79a5e4b8a7","cmp_Home_PACo_Visualization_A_Gall":"9299dc70-baec-4e53-a3a1-04e20d55e5b6","gall_Home_Description":"b602ec30-89ef-4885-b677-ffb6d87ecad6","galleryTemplate3":"beb12231-57a4-4a78-af05-9fc71617e6d3","shp_Home_Gall":"d2d26254-0d63-4236-9219-f72eeb76047f","lbl_Home_Gall_Timestamp":"78edc674-6214-4038-806c-276e525f2794","lbl_Home_Gall_Description":"4badf921-1358-4033-90df-73796a177f79","shp_Home_Gall_Divider":"12b5a8e1-4989-48ba-a710-debb81781dfd","cmp_Home_PACo_Button_A_Description":"e96436ac-6909-4a62-b87a-1c62587ccfea","cmp_Home_PACo_Visualization_A_RunShown":"c17fba90-bb31-49bd-87e0-6753db3814ce","cmp_Home_PACo_Visualization_A_Filter":"e18efe76-2684-4278-bd01-bb1af979b3df","cmp_Home_PACo_Visualization_A_Actions":"77ccadc4-62db-4792-a799-749de9e0b6d9","cntr_Home_RunShown":"7b755ff2-186b-40ab-a2e5-8812d39aac99","lbl_Home_RunShown_Label":"07377f9f-7224-4d67-8657-461247af8e97","lbl_Home_RunShown":"54d7c267-84c9-4897-96fb-1247040afd82","img_Home_RunShown_Ok":"a3a52ac9-4c47-4856-8ebb-065f39dbdec5","img_Home_RunShown_Warning":"45459654-7a88-4193-b2ec-a66957d91253","img_Home_RunShown_Error":"0ac65918-dd3b-435a-8969-406bd0eef8e0","img_Home_RunShown_Unknown":"98d15b78-b7a0-42fa-afcb-8ba7bbdfc88e","img_Home_RunShown_FlowError":"be3f40c3-1bfa-4f1c-ba6c-49683a4e6b97","cntr_Home_Filter":"cff8cde9-2065-4f9e-ac41-ca5903c876fe","lbl_Home_PACo_Tile_A_Filter_Title":"cf978a34-4b3c-4953-a884-976c376d5000","cmp_Home_PACo_Tile_A_Filter_Ok":"29235884-1980-4ea8-a5d4-4d6f92bc32dc","cmp_Home_PACo_Tile_A_Filter_Warning":"3e54c199-a730-4c40-a916-ef7ebdcbb362","cmp_Home_PACo_Tile_A_Filter_Error":"72c4e559-a828-4a13-abcb-70cca4661a2d","icn_Home_PACo_Tile_A_Filter_Ok":"636270b5-5e7b-4a20-94b6-7d611c0ab00b","icn_Home_PACo_Tile_A_Filter_Warning":"43a24e37-762a-423c-99e3-d3185b91246f","icn_Home_PACo_Tile_A_Filter_Error":"5d517428-cf08-44be-8c98-ed154595b2b8","cmp_Home_PACo_Tile_A_Filter_FlowError":"aeab1b99-b2d5-4f7e-9329-aae898bc708a","cmp_Home_PACo_Tile_A_Filter_Unknown":"6288ed3d-c0cd-42a6-92d3-8e2389ca5573","icn_Home_PACo_Tile_A_Filter_FlowError":"9565eab5-c00b-49d9-b3a9-2a83a14d3cd7","icn_Home_PACo_Tile_A_Filter_Unknown":"70df1559-95fa-4a20-89fc-8c005dbd4819","cmp_Home_PACo_Visualization_A_Filter_Advanced":"cbda07f8-0ca8-4f24-8a09-e0301e21c2a9","cmp_Home_PACo_Button_A_Filter_Advanced":"950a1f0b-35cf-47ff-ac07-96fc48152862","cntr_Home_Actions":"d42a0faf-3962-4f04-ac08-5f823801a63a","lbl_Home_PACo_Tile_A_Actions_Title":"3aea8b57-71c7-4d9c-a735-20db07997634","cmp_Home_PACo_Visualization_A_Actions_MarkAsChecked":"360ac257-1724-4470-9dcb-cf1d61dbe232","cmp_Home_PACo_Button_A_Actions_MarkAsChecked":"7648ee11-28af-410f-915e-cfe94fbf9946","cmp_Home_PACo_Visualization_A_Actions_ProcessRun":"5cabef20-057b-4beb-b05c-17b8202d1de3","cmp_Home_PACo_Button_A_Actions_ProcessRun":"b0d7d14e-9e6e-4f85-8c5b-3040c147d378","cmp_Home_PACo_Visualization_A_Actions_3":"05804cef-f550-40c7-b03c-e5cd89cfac42","cmp_Home_PACo_Button_A_Actions_3":"8a90a4ac-b952-4976-99aa-93ba9a4b1670","cmp_Home_PACo_Visualization_A_Actions_4":"48dea267-31a8-4768-b93f-05c7557fcc50","cmp_Home_PACo_Button_A_Actions_4":"73c5a177-9b6e-4626-9306-c774e82ccb75","cmp_Home_PACo_Visualization_A_Runs_Filter":"df6eea62-c01d-482e-a317-e085b9357fa4","cmp_Home_PACo_Button_A_Runs_Filter":"9983d285-fa6f-4045-ae86-4e16107e18d7","cmp_Home_PACo_Visualization_A_Runs":"24f331a8-f319-491a-bedf-9f6d5f672bb0","gall_Home_Runs":"9a55abb6-afd5-410a-9618-230ce1518f3d","galleryTemplate1":"e0291bba-ab28-4828-b184-8e13818377ad","icn_Home_Gall_Runs":"f0504c1a-7279-46fa-82c6-16ead1b2e946","lbl_Home_Gall_Runs":"41644509-bb24-4f85-9b0d-4fc9701cf8b3","cb_Home_Gall_Runs":"2d1d9cd5-73af-4c46-8780-56ec2328709c","img_Home_Gall_Runs_Ok":"ebdb6815-f748-43ae-9ad7-3405b9e0a795","img_Home_Gall_Runs_Warning":"548e6db0-e833-4852-931b-bfd78590fec9","img_Home_Gall_Runs_Error":"cfaabe99-4be4-4733-bcec-d8969abaebab","img_Home_Gall_Runs_Unknown":"c73eff41-914c-445a-8ba3-a43e521818fe","img_Home_Gall_Runs_FlowError":"ba76cbb3-d61b-4c8a-8001-304f8e7c2121","shp_Home_Gall_Runs":"f0f49535-53d1-4cd2-a820-6f6eb6d0e64c","cmp_Home_PACo_DetailsList_B":"fb08631f-5b16-4d44-83fb-9d40a93362e5","cmp_Home_NoRecords":"96ab506c-b07c-4dba-8f02-c94245fbb405","cmp_Home_PACo_Visualization_A_Runs_MarkAsChecked":"c66a6e1f-b5ea-4198-bebd-823d316ea7ae","cmp_Home_PACo_Button_A_Runs_MarkAsChecked":"702e0348-4e6c-459c-afcf-2ba687cf3bc3","cmp_Home_PACo_Visualization_A_Runs_Reload":"7b4a8ad3-c4dc-43dc-9c2f-769798dfc0d0","cmp_Home_PACo_Button_A_Runs_Reload":"0665ea04-606a-4797-99fa-345238ef948f","Start Screen":"1843fb35-74da-4203-ad56-cd5b22f237bf","btn_Start":"11a6bfdd-8e91-41ec-b4e9-dde014b15ab0","Restart Screen":"9685d4a8-5d9d-46f6-a122-7b551a7db6d2","cmp_Restart_Button_A":"33247d23-f4ac-447a-a0c1-052768770422","Message Screen":"618daac4-910f-462a-8279-bbf5c3681ad2","btn_Message":"94c1961e-5529-47e9-9dc9-6afe8212eb11","lbl_Message":"56d70976-a08e-4a93-9144-e0da3b1e717e","cntr_Message":"ef7c6e4e-52c4-4c80-821b-3248f477da20","cmp_Message_PACo_Header_A":"953fa82a-d87a-4d06-a1b7-bd105a7a9f35","cmp_Message_PACo_Spinner_A":"a26a101b-4249-46ef-96ec-15766f0fa018"}