{"__Version":"0.1","App":"1998b4af-9c5b-4c7d-93e4-8f4a4ccf1a00","Test_7F478737223C4B69":"73394c43-aa01-46af-8f36-c0751e2e562f","Host":"85804287-75eb-4149-b5b0-c9b3dc5ed444","PACo_Nav_B":"318f4260-5475-4160-a941-55115ec7c912","html_Nav_B_Visualization":"1e4ca43d-eda6-429c-ad23-fa88ebe92413","shp_Nav_B_Visualization":"e85bdbf8-2c0e-401f-9122-bf0fff3ea0ca","gall_Nav_B":"37528487-3f9b-43ef-a1e0-0c3116e28a59","galleryTemplate1_3":"3927920b-c390-4724-9aa2-3c2f95c353eb","shp_Nav_B_Gall":"3fc60c1b-7dec-4022-a237-26b698da801a","img_Nav_B_Gall":"9eeec31a-acef-4cb7-9c89-0f2085852cb8","lbl_Nav_B_Gall":"7cf5af1f-1f57-4bbe-b104-c0a6a6b56f75","icn_Nav_B_Gall":"309964c0-892f-4754-b40b-c16b886c52c4","shp_Nav_B_Gall_Divider":"f0e56233-5c13-4c62-bf67-6991491612d4","PACo_Spinner_A":"c2a40d36-fbf9-4e89-81f0-5643f97091f9","img_Spinner_A":"76cdcd85-aa92-4f38-8272-7a4eb891e035","lbl_Spinner_A":"4f058f7a-30bd-48ae-822f-5e078bfca833","PACo_DetailsList_B":"586007c8-6609-4ffa-92c8-ea1e65451c30","html_DetailsList_B_Visualization":"02775f33-6e4e-4668-ad14-b6977864764b","shp_DetailsList_B_Visualization":"a8afbcbc-29d1-4baa-a6bb-6bff1c0aa9d8","cntr_DetailsList_B_Main":"29614af2-3a7f-4053-ba51-3b7cf2790077","cntr_DetailsList_B":"271e2214-f112-45c3-8d82-43e224133b50","lbl_DetailsList_B_Header_1":"1c33ae73-a9e1-4767-84b6-df776674f19e","icn_DetailsList_B_Header_1":"57f088a1-6a0b-4804-90a6-17a7a5871aff","cb_DetailsList_B_Header":"60e1743d-888a-4959-9982-fae0fa3a3a96","lbl_DetailsList_B_Header_2":"bd18f549-a3cd-4786-86cd-1baa4e3b34e9","icn_DetailsList_B_Header_2":"25b3ea00-7e3c-4b03-89f8-81a37ce4e978","img_DetailsList_B_Header_Sorting":"4239bf64-e13a-4799-9f3d-a33f1bf7b864","lbl_DetailsList_B_Header_3":"3e1bd88c-dbe0-4848-97ad-2a14a656c528","icn_DetailsList_B_Header_3":"69ab0e7c-d212-4a16-899c-ad05908dfcbb","lbl_DetailsList_B_Header_4":"52dadf12-d5d0-4001-ad84-bc98a50bfffb","icn_DetailsList_B_Header_4":"13714f94-5c12-4ffc-bf98-2f5b744eba94","lbl_DetailsList_B_Header_5":"0275e496-9ba4-4670-9a15-4e8a854ca90f","icn_DetailsList_B_Header_5":"687240d2-a4f6-4894-9852-8cad4cc76bd0","lbl_DetailsList_B_Header_6":"5d8672ce-ccf0-4bd8-abde-3241bb83807c","icn_DetailsList_B_Header_6":"61410034-12b6-481b-8d39-c50e890d078c","lbl_DetailsList_B_Header_7":"0bc08964-e95a-4989-be5b-53c306d0aafb","icn_DetailsList_B_Header_7":"4ae88993-0c97-4cf5-8234-100fb813502d","lbl_DetailsList_B_Header_8":"82959fb3-6141-41a3-8249-b2b456e3fe87","icn_DetailsList_B_Header_8":"9432e1a7-6c84-402c-842c-c9e2ea0c6002","lbl_DetailsList_B_Header_9":"2336c814-6530-48c3-a809-cc434814f544","icn_DetailsList_B_Header_9":"032f78eb-c123-4b2c-8b02-cb09222ff952","lbl_DetailsList_B_Header_10":"d899e57f-6624-4528-9180-36746cd460e8","icn_DetailsList_B_Header_10":"150da609-9e7a-407c-b6e7-b5109d48cc97","shp_DetailsList_B_Divider":"0a0342f3-c1ec-4b23-a511-f87931666b32","gall_DetailsList_B":"9afff13c-74e0-4b9d-8c8d-d1108e507549","galleryTemplate2_4":"c11801b6-aa26-4f8e-aecc-6ea9d83673d5","lbl_DetailsList_B_Gall_1":"531c937f-51d2-4ab5-b668-0d74d74dc7e8","cb_DetailsList_B_Gall":"bed2579c-a233-4f73-a666-ff224e25f5f6","shp_DetailsList_B_Gall":"7f6a8307-6a0d-4be3-ab93-10f25aeae686","lbl_DetailsList_B_Gall_2":"5b97e71c-9774-48af-b261-a27fb59b040e","lbl_DetailsList_B_Gall_3":"c64bb989-d2a7-4833-8220-436174601994","lbl_DetailsList_B_Gall_4":"af2acb4c-3cde-4c4d-a29f-08a94d543e7a","lbl_DetailsList_B_Gall_5":"5b30d330-c471-45b7-bd78-02baf10ff367","lbl_DetailsList_B_Gall_6":"25791b95-6563-4256-805f-ba3325d2d225","lbl_DetailsList_B_Gall_7":"f91cb419-4274-4822-886f-3ac2c1d88e0a","lbl_DetailsList_B_Gall_8":"0df6681e-b966-40a6-b1a3-25534a090978","lbl_DetailsList_B_Gall_9":"028e7997-5afd-4f33-b498-a8896c2315c7","lbl_DetailsList_B_Gall_10":"fed71b3b-ce0f-434b-85d2-a94cd037bf53","shp_DetailsList_B_Gall_Divider":"4d34f361-e5db-4855-b19c-152c09925a6b","PACo_Button_A":"5a7842a9-293a-4c4f-97fa-a4afa4a1d824","cntr_Button_A":"3e5e0770-0381-4944-89ee-7dc2195c9632","btn_Button_A":"501a4d0b-2329-443d-a51d-cfe406012186","icn_Button_A":"c0c49e70-9c37-4afb-b3fe-394bb82c1a31","img_Button_A":"fb16777a-bac5-479d-91da-5cdc46f9995b","lbl_Button_A":"ff17dbde-b465-4334-870f-4d9718000ba7","html_Button_A":"e208a9a8-75b1-4885-81bd-4e725446fe5c","PACo_Header_A":"60264297-ef9f-4e77-992f-bf9f32d9ab3c","html_Header_A_Visualization":"1cb75292-004c-4bcc-9a5d-0e9ff31053a1","lbl_Header_A":"55fb0cdb-d0aa-4505-9acf-fda2a4197566","img_Header_A_Back":"ddc87b8b-92f3-469b-a4cb-5b0b60bb1dc4","icn_Header_A_Back":"4bca5f97-90a8-4aa5-9410-d6ece5e8ccef","img_Header_A_Nav":"c6647164-f669-403f-b577-157569764b39","icn_Header_A_Nav":"722fae45-ed74-49d2-9292-e5d74622dd47","img_Header_A_SettingsMenu":"ab38f442-c786-497b-aa48-807f92b290c3","icn_Header_A_SettingsMenu":"bbf254b2-e4fc-4837-a8e5-5479fd23f764","img_Header_A_Help":"5cc390ab-2e77-4eaa-bda2-fa1f1865f995","icn_Header_A_Help":"7303e656-b6c7-41fb-bf7b-bbf45e2ea2f5","img_Header_A_LanguagesMenu":"84828ee1-bc93-468c-b059-44e3fc8940fc","icn_Header_A_LanguagesMenu":"bdf9c924-e73b-4a65-b690-a5d457a3f86d","img_Header_A_Logo":"0884a84d-3db4-4feb-ac57-997cbf0c5398","icn_Header_A_Logo":"81e4d373-a64f-47fb-b934-b8ae20e6f416","shp_Header_A_Visualization":"f0d5b8d7-9ca4-4545-8111-6f552e938e24","PACo_Visualization_A":"8f70de71-cc4d-4aee-bf69-a427100f40ed","html_Visualization_A":"6029e4eb-c54a-46a4-ae7c-db611678c290","shp_Visualization_A_Background":"13f155fe-250d-4e9e-ae64-9e75e60bc5d4","shp_Visualization_A":"0ec0ad8d-73e0-45fe-9787-28a13da5642b","PACo_CommandBar_B":"57561994-be8b-42b2-be6c-129b40aac7a4","html_CommandBar_B_Visualization":"ef22ab7d-7941-4fb4-b5fd-cec0529bdc0f","shp_CommandBar_B_Visualization":"1e0033ae-1485-4cab-b513-6feac3b8959f","cntr_CommandBar_B":"1028b297-e178-4961-ad04-219c10890648","shp_CommandBar_B_1_Bottom":"3e953c37-d337-457e-9d43-25d81a57111f","img_CommandBar_B_1":"0b53de9b-ec06-4d20-b819-10a25232f823","icn_CommandBar_B_1":"d0d1838e-b9ac-4462-a856-e3ccef0a1f97","shp_CommandBar_B_1_Top":"ea3996f1-bda6-41e4-a34e-dabd818bcb0f","lbl_CommandBar_B_1":"1aaf815b-e52c-4639-8cb0-b74a1b6fa011","shp_CommandBar_B_2_Bottom":"1c120917-cbbb-476a-9bb3-bddab7168271","img_CommandBar_B_2":"e5bca602-372f-4d32-88b9-8af1ead385eb","icn_CommandBar_B_2":"fb1cf69c-0d30-45fd-a9c9-37ddaecb9352","shp_CommandBar_B_2_Top":"cc4a91f8-4b88-4345-8745-cfb5880d909d","shp_CommandBar_B_3_Bottom":"15d9771f-86d1-4782-b749-b48f4543f507","img_CommandBar_B_3":"3e8143e3-40f8-4d76-860b-b12e143242ef","icn_CommandBar_B_3":"9e34d8be-33e3-4b4b-8369-6b351b3ec716","shp_CommandBar_B_3_Top":"ce96010e-965d-4d3c-a1ac-9c07d4a57aae","shp_CommandBar_B_4_Bottom":"a03130fa-8f8d-43dd-902b-b62fa16d39bc","img_CommandBar_B_4":"6328bb84-d88a-45f6-8d46-bcc0438e840a","icn_CommandBar_B_4":"08ddf2ab-5105-4401-8173-afdc0b03ffef","shp_CommandBar_B_4_Top":"199ed998-a35f-4965-b318-399b22073bf7","shp_CommandBar_B_5_Bottom":"d9de60e1-8c15-423a-9697-440bdd6b5d09","img_CommandBar_B_5":"cadf0d60-d978-4e8e-9597-d6279c1f01f3","lbl_CommandBar_B_5":"e56ed0fa-3906-4e6e-9f07-6f892701ca9b","icn_CommandBar_B_5":"df61283b-33c1-49d3-942c-9a75ef07547c","shp_CommandBar_B_5_Top":"493141b6-1c50-41b3-9369-3e147bb93bdd","shp_CommandBar_B_6_Bottom":"21606b40-17b4-443e-be9d-d00e1fd163fa","img_CommandBar_B_6":"a777b6e8-de1f-4b63-a0f6-88f82e07f075","lbl_CommandBar_B_6":"eff4ce2d-8da7-42b4-b599-505e1bb917b6","icn_CommandBar_B_6":"02936108-4606-4890-a6f1-b7a0c58915df","shp_CommandBar_B_6_Top":"d4352b4a-ff8d-480a-a805-a34af9563366","shp_CommandBar_B_7_Bottom":"83e82a0b-d4fe-4277-9ce8-4effd109930a","img_CommandBar_B_7":"64acdd06-debf-473f-b9be-d0f20f640394","lbl_CommandBar_B_7":"b7af5361-5463-4633-b570-dbbc7c903695","icn_CommandBar_B_7":"ad2be98c-e200-42ba-80aa-1c0c6057d31f","shp_CommandBar_B_7_Top":"c2821473-73b2-49d2-828f-219ce6421514","shp_CommandBar_B_8_Bottom":"99ccb927-8d50-49b1-8dae-5ff08f980ee1","img_CommandBar_B_8":"3ab7d255-7bd4-4bcd-acea-ac1ca9fea00f","lbl_CommandBar_B_8":"a4b6b58f-d58b-4340-942f-ac80a0202de4","icn_CommandBar_B_8":"c5f4ef72-b786-42bf-ab17-de57f4003a5b","shp_CommandBar_B_8_Top":"b42a8dab-31c5-43f7-8fa7-1e4ae66a955d","lbl_CommandBar_B_2":"a5868263-7dc1-4a65-accf-27ac72bf03da","lbl_CommandBar_B_3":"8ff1dc53-1f8a-404b-bf57-9276516852cc","lbl_CommandBar_B_4":"3962697f-1728-4e1b-8043-25530f99fccd","lbl_CommandBar_B_Menu":"53f1e0ee-dc10-4dd4-8194-87e39dcb0835","icn_CommandBar_B_Menu":"853287d9-bea3-493d-9c6a-cc26f0d34b2f","html_CommandBar_B_1":"234d2cd1-9d77-4ba7-b6d8-2b2ccc4ecad6","html_CommandBar_B_2":"6fb7cddb-5cbf-45a1-b8fa-c26f0f3c4d46","html_CommandBar_B_3":"cd6a65fe-693e-4bb1-b905-8ce72bb02fb0","html_CommandBar_B_4":"134e4a1c-74a1-4dcb-bdd8-a7c0ecb8c5ef","html_CommandBar_B_5":"fd2ccdbf-d2ae-44ef-9605-e9937476707a","html_CommandBar_B_6":"c553f23a-628a-4e1c-97d6-9a301eb20b3d","html_CommandBar_B_7":"7f198019-12da-406c-8ab3-21a60c228687","html_CommandBar_B_8":"5eee32e3-cd52-4601-be3c-3750c0d71f12","PACo_Dialog_A":"80026cd3-1f81-400c-8bcc-58a36828d5f3","cntr_Dialog_A":"7aa5da00-3f94-443f-9ef5-6405327dd0d2","html_Dialog_A_Visualization":"d5ca14a1-d8c7-4571-b139-c5e1773de95d","shp_Dialog_A_Visualization":"ae19f653-57fc-4cde-a479-bbe6e12abcf6","shp_Dialog_A_Area":"11529fca-e0d3-44d0-8212-3603a1837aae","lbl_Dialog_A_Title":"09a2650d-edab-4a50-9656-259881c3435e","lbl_Dialog_A_Message":"cb3a9d18-1756-4431-bef2-9f7db5381323","html_Dialog_A_Message":"0572b1ff-b146-48bc-9431-f1acfac59776","cntr_Dialog_A_Button_Last":"64afb422-f0f4-4e3b-a275-02dbc68a4ba3","icn_Dialog_A_Button_Last":"f2a70381-cefd-4122-ac64-3c906f76ff96","img_Dialog_A_Button_Last":"0eeeb99b-5d89-4ed5-971b-2bda2d70713d","lbl_Dialog_A_Button_Last":"db6df7aa-8596-4a34-8069-93689c6dd48c","btn_Dialog_A_Button_Last":"5f3be8dc-de28-4b03-bee6-7605ae693746","cntr_Dialog_A_Button_First":"609c21d1-b6c6-4803-bab5-68a16ab03c29","btn_Dialog_A_Button_First":"f5fd7465-5a0e-4aef-8e11-c88b449b4f83","icn_Dialog_A_Button_First":"cd49660f-6dcc-417a-9032-363a4621ab8e","img_Dialog_A_Button_First":"05ec9104-ab90-438a-ba23-f93ffac1dd75","lbl_Dialog_A_Button_First":"79b6caf0-3636-44f2-8f84-69738c7f6497","html_Dialog_A_Button_First":"982e86aa-7ad2-4308-b43d-2f8c5eeb26a0","html_Dialog_A_Button_Last":"df27d37f-f6a6-495a-b8ad-9846f7f224e5","PACo_ProgressIndicator_E":"b0dca942-5f4e-4728-be57-d34d331fd46a","html_ProgressIndicator_E_Visualization":"88735888-5cef-4cfc-8c66-aac9f7e390e8","shp_ProgressIndicator_E_Visualization":"24adcda0-c09c-4638-9cd1-c8055b1a75c6","gall_ProgressIndicator_E":"b9b2b461-455b-4b99-9ae6-a9713aaffac5","galleryTemplate1_9":"aba9af87-5072-4fb6-9a41-a56cb153dec1","img_ProgressIndicator_E_Gall":"5b099d93-dbd3-4b97-acfc-f71442bd1c70","icn_ProgressIndicator_E_Gall_Clickable":"90f9dfc4-156b-483b-99f2-be916c6bf16f","shp_ProgressIndicator_E_Gall_Left":"bf29ddc3-cca0-42d6-99bd-d85eaa291704","shp_ProgressIndicator_E_Gall_Right":"65f345ce-6ed0-427e-898d-eec642699c89","lbl_ProgressIndicator_E_Gall":"83b852cc-1891-41cb-9d69-befade309ed6","Home Screen":"e0c9effc-ba29-4ad1-bc6d-963fd3c6c881","btn_Home":"3e85b448-39d6-4e30-9985-21bc70161c33","lbl_Home":"a996510c-1416-4431-9e2f-d49b3e22299f","cntr_Home":"56409e25-7368-430a-b49a-6d666c9ae3d8","cmp_Home_PACo_Header_A":"979ac251-8a2a-4a96-83a9-7853277ec993","cmp_Home_PACo_Spinner_A":"ac741920-073a-4eef-a67c-e3ab5d13db25","cmp_Home_PACo_Nav_B":"74c6e8e8-faa2-4087-a81e-fc978e2ea45b","cmp_Home_PACo_Visualization_A":"c17fba90-bb31-49bd-87e0-6753db3814ce","html_Home":"2e79caf6-fd4f-4984-918e-a2fc67f1cbed","Automations Screen":"a43bf759-5b2c-463a-968a-e1a303e4fb10","btn_Automations":"5e6e05cf-6404-4d1c-a4bd-b78567c1d9fa","lbl_Automations":"7250dfd0-10a4-453e-947b-b7923dbf04a7","cntr_Automations":"cd6ac0ee-6bbc-4172-9ef7-94da1c2a164d","cmp_Automations_PACo_Header_A":"c773cf05-74ce-491e-b3e6-4814696da7d6","cmp_Automations_PACo_Nav_B":"6d994e8f-6e1f-458a-949b-cbfd8525500b","lbl_Automations_NoRecords":"58e1c468-e24e-4786-bf4b-652ef2ee9ddc","cmp_Automations_PACo_Dialog_A":"c6f38dd2-eb83-46ec-b2ac-41bacb7e336a","cmp_Automations_PACo_Spinner_A":"6850f4d0-2e4b-4467-9fba-c7481adb0844","cmp_Automations_PACo_CommandBar_B":"a5ad5899-4c74-4268-8c60-8f6cbdb47998","cmp_Automations_PACo_DetailsList_B":"3129eabe-9c6a-4d83-9633-557d4dd4a017","cmp_Automations_PACo_Visualization_A_NoRecords":"5b5729bd-2cf5-458d-87c1-0c5f7554bcf0","Business Solutions Screen":"1e6cbd58-2532-44e0-9fa1-fe0da5aa198b","btn_BusinessSolutions":"eff926dc-5ed9-4e77-8c94-e1be5982a7b0","lbl_BusinessSolutions":"cdbd3e22-2c16-4c3a-9ea9-fe898b4058e9","cntr_BusinessSolutions":"c43f6501-fdb5-4129-9cd8-4b679e59a1f8","cmp_BusinessSolutions_PACo_Header_A":"1f4a8a64-f459-49a3-a03d-41ec3531e399","cmp_BusinessSolutions_PACo_Dialog_A":"df08d371-414b-42d0-8870-0c5a7b7a2b2e","cmp_BusinessSolutions_PACo_Spinner_A":"8b0ece38-6043-4461-8add-29d96e571ed1","cmp_BusinessSolutions_PACo_Nav_B":"685a99dc-6132-4d67-8848-0319ce27039c","cmp_BusinessSolutions_PACo_CommandBar_B":"d988d9e8-bd76-4881-9ee9-cfe3ac1fa231","cmp_BusinessSolutions_PACo_DetailsList_B":"eb90c774-e4ab-46c9-96c2-c58e68a4edea","cmp_BusinessSolutions_PACo_Visualization_A_NoRecords":"2c146880-9158-4483-9dc8-b0d08b6888d1","lbl_BusinessSolutions_NoRecords":"ef221946-f5ba-4b69-ab1b-872342ad2294","Start Screen":"1843fb35-74da-4203-ad56-cd5b22f237bf","btn_Start":"11a6bfdd-8e91-41ec-b4e9-dde014b15ab0","Automation Configurations Screen":"ccff544e-231e-4815-8129-52086379399f","btn_AutomationConfigurations":"44542c40-1b18-449b-a16d-2de26d921759","lbl_AutomationConfigurations":"1e4ac6f4-7a75-48c4-9fbf-b7d947e3ded5","cntr_AutomationConfigurations":"6e937c32-8fc8-4979-ac9d-1589db75acc1","cmp_AutomationConfigurations_PACo_Header_A":"a03c78f9-f41c-4ff0-a4c3-e43b1b662d79","cmp_AutomationConfigurations_PACo_Dialog_A":"dd1d0dab-d600-4f14-86c1-8bd044d865b4","cmp_AutomationConfigurations_PACo_Spinner_A":"579b3748-5f98-4223-8aac-18969d4ae51e","cmp_AutomationConfigurations_PACo_Nav_B":"12d5e5a7-6c9a-47a5-8e33-90478936f786","cmp_AutomationConfigurations_PACo_CommandBar_B":"1b323312-3289-4185-bf19-3ffff6ae423a","cmp_AutomationConfigurations_PACo_DetailsList_B":"3b92ba75-ffd2-4d85-b882-a295281b59d4","cmp_AutomationConfigurations_PACo_Visualization_A_NoRecords":"1d19c7be-8f6e-468a-ae08-552bac055fcf","lbl_AutomationConfigurations_NoRecords":"d4d088ad-4cd0-4b74-beb8-28415fed5588","Restart Screen":"9685d4a8-5d9d-46f6-a122-7b551a7db6d2","cmp_Restart_Button_A":"33247d23-f4ac-447a-a0c1-052768770422","Business Solution Screen":"8c357b62-81a0-4a0d-8065-e188d84bbf26","btn_BusinessSolution":"9fe02823-3f62-4ba1-93a7-86d724fd0104","lbl_BusinessSolution":"0121ec63-0bc9-4ee9-a423-be2f0ebaad10","cntr_BusinessSolution_Parent":"f8ba2a96-d329-4c85-99b9-e4d1aa8d0c4c","cmp_BusinessSolution_PACo_Header_A":"dfe518af-501f-4f75-a393-3de028b424ad","cmp_BusinessSolution_PACo_Spinner_A":"6e21c7cd-3c3c-4f5f-ad03-bcd19db6d02d","cntr_BusinessSolution":"44972791-e456-44e4-b9a0-c1c1995bd830","cmp_BusinessSolution_PACo_Visualization_A":"c0997093-790e-44be-b580-b42f962d87e3","cntr_BusinessSolution_Save":"7033cc76-4782-4abd-9182-ea5ff209c179","lbl_BusinessSolution_BusinessSolution_Label":"159cb7f7-c213-4116-abcf-93df832b6337","ti_BusinessSolution_BusinessSolution":"e67b7c07-004b-4bf4-9613-f8097b1c6717","cmp_BusinessSolution_PACo_Button_A_Save":"0045c4cb-6279-4644-82df-bb44f542ad1a","cntr_BusinessSolution_Publish":"b558de6a-cc64-4f0f-a639-14db641ada7d","lbl_BusinessSolution_ActiveAutomationConfiguration_Label":"2507f464-2dda-4d27-95ac-b7dc4a3e24e3","dd_BusinessSolution_ActiveAutomationConfiguration":"e58fb7a9-ddd9-48ca-9454-77db4bdf7746","lbl_BusinessSolution_ActiveAutomationConfiguration":"58ec8ee0-9472-4f40-8669-3a79385fbd7b","cmp_BusinessSolution_PACo_Button_A_Publish":"878cf709-6ecc-430c-a83f-41265685087b","Automation Screen":"a06c564e-3d0e-4170-82a7-d6c397085883","btn_Automation":"bd753ea5-bc23-41df-8d33-31c6cd2183d3","lbl_Automation":"7e9e01af-8696-48bd-bbcf-a882496331f8","cntr_Automation_Parent":"38d55eb5-2d0b-4505-ad7b-cb6f48a5ad69","cmp_Automation_PACo_Header_A":"4ed05cc6-310f-46a6-830f-b203d1e7fee7","cmp_Automation_PACo_Spinner_A":"6c9497e7-5111-4025-90ce-19b6b5fdf7ae","cntr_Automation":"748b4325-0cdc-462e-9d31-c5eccc4f6cef","cmp_Automation_PACo_Visualization_A":"26bfab7c-93c5-43bb-becc-7302adabccfd","cnvs_Automation":"a4fa9081-9fbd-4023-96fb-4bfa2907fe0e","dc_Automation":"d4feade2-fa55-4854-b62b-635a0a0c27dc","cntr_Automation_Save":"a96ff986-f31d-4a2a-85ee-062066092b0c","lbl_Automation_Save_Location_Label":"c33a54bb-26cc-45c8-99bc-1d52f3801b3a","dd_Automation_Save_Location":"74123ba2-a2f5-494c-8c34-5f155a939572","lbl_Automation_Save_Parameters_Label":"9183f8d6-0dcb-4c6f-abb1-e97000226832","ti_Automation_Save_Parameters":"9bc8207f-32af-48f9-861b-edb252b29ab9","lbl_Automation_Save_Technology_Label":"cb92d5f1-81a7-4ac4-80ed-9bc626ff1f79","ti_Automation_Save_Technology":"4488e855-88af-4393-a1be-882755bdb24e","lbl_Automation_Save_Title_Label":"a792579d-452f-4f7d-ab9b-69c8884b70e7","ti_Automation_Save_Title":"77e7ab5e-f915-451c-932f-15057b8135b2","lbl_Automation_Save_Type_Label":"e8f16d21-4e3d-4e29-81f4-cd76ca6b2f1e","dd_Automation_Save_Type":"b45417d4-2448-41e1-a782-1003337a9fc9","lbl_Automation_Save_Version_Label":"8831ca0e-662a-4839-bb18-19e25d231128","ti_Automation_Save_Version":"06cc3773-f334-4f74-bdec-877aba37356b","cmp_Automation_PACo_Button_A_Save":"f5387205-ceac-4a57-8c7e-81faf2fa818b","Automation Configuration Screen":"0e2df459-3341-4de3-a258-c65319c4e23c","btn_AutomationConfiguration":"85e4554d-79c5-4d45-ad36-ea3835078e14","lbl_AutomationConfiguration":"082281c4-1e22-4c87-bfb3-f40eb8553764","cntr_AutomationConfiguration_Parent":"7eac44d1-c4b2-4e0b-81fd-95dad0398200","cmp_AutomationConfiguration_PACo_Header_A":"89c9b4bd-31a9-4be2-8113-5ff2dd74cfe3","cmp_AutomationConfiguration_PACo_Dialog_A":"11a45719-92b0-4716-92dc-6bc3216ad012","cmp_AutomationConfiguration_PACo_Spinner_A":"99900a45-483f-4f29-86be-18924bc53491","cntr_AutomationConfiguration":"e6630688-6e0a-4893-9640-d53040108801","cmp_AutomationConfiguration_PACo_Visualization_A":"276805ce-04c8-48fe-a08b-e872b4f164b0","cntr_AutomationConfiguration_Save":"0fbb8e15-7eae-4991-9c3d-ea5f13c83ac6","lbl_AutomationConfiguration_ID_Label":"f5fa1158-5ffb-4761-b7c5-d750644dfb80","lbl_AutomationConfiguration_ID":"d955ad92-137c-452c-b112-260aef958552","lbl_AutomationConfiguration_BusinessSolution_Label":"aec5117e-ca07-480f-a492-8cacc3098b46","dd_AutomationConfiguration_BusinessSolution":"8008657f-c8bf-4ed3-9e72-323c52b3aece","lbl_AutomationConfiguration_Status_Label":"87f58ab8-54b9-4f5d-96fb-9784dcbd5634","dd_AutomationConfiguration_Status":"b8b6ddc2-d448-4fbb-8372-e44774ff53e5","cmp_AutomationConfiguration_PACo_Button_A_Save":"78aa3103-207a-4022-8e64-f25fe6ea1096","cntr_AutomationConfiguration_AutomationInstancess":"21ec9541-51e3-4ca5-928c-8257c7ad1e8e","lbl_AutomationConfiguration_AutomationInstances":"15599fa5-bfce-4678-bf4a-143b0ad510ef","cmp_AutomationConfigurations_PACo_CommandBar_B_AutomationInstances":"8159a32d-9f1f-4045-abd9-4396d9e37d54","cmp_AutomationConfigurations_PACo_Visualization_A_AutomationInstances_Parameters":"0ddcb4b9-48b5-452a-902d-459f7a04c7a6","lbl_AutomationConfigurations_AutomationInstances_Parameters":"9b6c98fb-2351-421d-adb7-239a14f5c818","cmp_AutomationConfigurations_PACo_DetailsList_B_AutomationInstancess":"2a92d4cb-354d-47eb-a8eb-78a91f05522e","cmp_AutomationConfigurations_PACo_Visualization_A_AutomationInstances_NoRecords":"37c22bd9-aaa1-4f83-a4da-bc9a0473bea9","lbl_AutomationConfigurations_AutomationInstances_NoRecords":"494aab3b-1c5c-4bde-a3c6-3935dd1a56da","cmp_AutomationConfiguration_PACo_Button_A_AutomationInstances_Parameters":"2d2a28fa-ce4c-4d80-b29b-f11fb79d93ae","Automation Instance Screen":"5d401760-8f0a-47fa-934a-dc45520cee0c","btn_AutomationInstance":"eec292b1-5a71-4430-8604-930bcfda523d","lbl_AutomationInstance":"f2c268df-20c2-456e-aa8a-0d912f2457bc","cntr_AutomationInstance_Parent":"7fd9c6a6-ef1a-4352-ad35-558a3d4939f8","cmp_AutomationInstance_PACo_Header_A":"bd9285ad-e6e0-4f7a-bd2f-049c041bd93e","cmp_AutomationInstance_PACo_Spinner_A":"e1be5d3a-8217-4020-b03c-ee2d6b0caf03","cmp_AutomationInstance_PACo_ProgressIndicator_E":"e6d5d975-9291-4334-be74-148b8eef168e","cntr_AutomationInstance_Step1":"f69b08bd-933d-4a8f-8dbd-a01bfb3568b6","cmp_AutomationInstance_PACo_Visualization_A_NoRecords":"60a6e81a-3401-4e25-886c-b22de7140043","cmp_AutomationInstance_PACo_DetailsList_B_Step1":"32268925-03d5-4fba-ab2f-5638b3b365df","lbl_AutomationInstance_NoRecords":"732e1021-51bb-432b-8380-dacb7f5ca59a","cntr_AutomationInstance_Step2":"36201207-3f26-487a-ba64-6c7617f4015d","cmp_AutomationInstance_PACo_Visualization_A":"3ce85617-a214-45d3-b609-75bb341f8628","cnvs_AutomationInstance_Step2":"4e56d30f-8259-4bae-9dca-80b70d6b4f9c","dc_AutomationInstance_Step2":"b12dc487-ef58-4a9c-9d80-9d56ba7328ee","cntr_AutomationInstance_Step2_Save":"22b152ae-b294-4f26-8dc4-defec794d62b","shp_AutomationInstance_Step2_Save_Automation":"26edeca5-71d8-4d32-b260-f77a2a170566","lbl_AutomationInstance_Step2_Save_Hour_Label":"2282671a-0a3e-44e3-b58f-85e1a5f83e6c","lbl_AutomationInstance_Step2_Save_AutomationLocation_Label":"5c8cd3da-b623-4671-b922-0690e137f775","dd_AutomationInstance_Step2_Save_Hour":"0893dc66-560d-423a-ad52-410574b01953","lbl_AutomationInstance_Step2_Save_LocatioAutomationn":"abf3fc46-3fec-4169-955c-87f0ec4be052","lbl_AutomationInstance_Step2_Save_AutomationTechnology_Label":"7cc78130-ad0b-4e3c-8e34-a4251540360f","lbl_AutomationInstance_Step2_Save_AutomationTechnology":"68f7115d-9caa-4575-b031-fc0831b29f7f","lbl_AutomationInstance_Step2_Save_AutomationTitle_Label":"397dc15c-40d6-46ff-bf4f-b8c9fa5e50bc","lbl_AutomationInstance_Step2_Save_TitleAutomation":"5f722951-63b2-4e9f-9be3-6724c3fa7ea3","lbl_AutomationInstance_Step2_Save_AutomationType_Label":"0b0744a0-cad0-4fde-962c-00e08c82d911","lbl_AutomationInstance_Step2_Save_TypeAutomation":"ba595964-3f84-45bf-9ae5-4de367476ea1","lbl_AutomationInstance_Step2_Save_AutomationVersion_Label":"6639e55f-b2e6-4796-8096-1564c08f5882","lbl_AutomationInstance_Step2_Save_AutomationVersion":"02b13fed-ef6c-47a6-aad7-35ba4221e1a5","lbl_AutomationInstance_Step2_Save_Title_Label":"e919c073-511f-47f5-a411-cbedc86b5675","ti_AutomationInstance_Step2_Save_Title":"71815f12-95d5-45a8-b313-d7f30a152445","lbl_AutomationInstance_Step2_Save_Parameters_Label":"9a177f2d-f840-4d9a-9fd0-5dec2cddfd26","ti_AutomationInstance_Step2_Save_Parameters":"7d73f2b7-c394-4074-9abe-43072506747f","lbl_AutomationInstance_Step2_Save_AlwaysRun_Label":"14eb3f48-e570-41d5-818f-a84aa0f09f6d","dd_AutomationInstance_Step2_Save_AlwaysRun":"ef97ff4d-a572-4e66-a25b-45d2c931cdc5","lbl_AutomationInstance_Step2_Save_Schedule_Label":"00b63297-de7a-4fcb-af22-92a988326c72","dd_AutomationInstance_Step2_Save_Schedule":"55a34876-0968-436e-b360-28b2def2fb82","lbl_AutomationInstance_Step2_Save_Unit_Label":"90713775-81a2-455a-b754-98669da8edae","lbl_AutomationInstance_Step2_Save_RunAt_Label":"da41db1d-636d-499d-aecd-0a02060728d0","dd_AutomationInstance_Step2_Save_Unit":"d8d6bf7b-f7f8-4db8-ac21-a495433b5dc1","dp_AutomationInstance_Step2_Save_RunAt":"86a43f8b-35d7-4337-a78c-5ae801104ae9","lbl_AutomationInstance_Step2_Save_Day_Label":"f348b426-3e53-4a2b-974e-a16204898928","cmp_AutomationInstance_PACo_Button_A_Step2_Save":"2c9db3fc-aebe-47c6-97a6-01a5dea9aed3","dd_AutomationInstance_Step2_Save_Day":"cf92c239-0206-4afe-92ef-2f1c14a4ef0b"}