<ImportExportXml version="9.2.24113.204" SolutionPackageVersion="9.2" languagecode="1033" generatedBy="CrmLive" xmlns:xsi="http://www.w3.org/2001/XMLSchema-instance" OrganizationVersion="9.2.24113.204" OrganizationSchemaType="Standard" CRMServerServiceabilityVersion="9.2.24113.00204">
  <SolutionManifest>
    <UniqueName>KookaburraAddOns</UniqueName>
    <LocalizedNames>
      <LocalizedName description="Kookaburra_Add-ons" languagecode="1033" />
    </LocalizedNames>
    <Descriptions />
    <Version>2024.0.0.3</Version>
    <Managed>1</Managed>
    <Publisher>
      <UniqueName>formsandflows</UniqueName>
      <LocalizedNames>
        <LocalizedName description="Forms and Flows" languagecode="1033" />
      </LocalizedNames>
      <Descriptions />
      <EMailAddress xsi:nil="true"></EMailAddress>
      <SupportingWebsiteUrl>https://www.formsandflows.nl</SupportingWebsiteUrl>
      <CustomizationPrefix>faf</CustomizationPrefix>
      <CustomizationOptionValuePrefix>81143</CustomizationOptionValuePrefix>
      <Addresses>
        <Address>
          <AddressNumber>1</AddressNumber>
          <AddressTypeCode>1</AddressTypeCode>
          <City xsi:nil="true"></City>
          <County xsi:nil="true"></County>
          <Country>The Netherlands</Country>
          <Fax xsi:nil="true"></Fax>
          <FreightTermsCode xsi:nil="true"></FreightTermsCode>
          <ImportSequenceNumber xsi:nil="true"></ImportSequenceNumber>
          <Latitude xsi:nil="true"></Latitude>
          <Line1 xsi:nil="true"></Line1>
          <Line2 xsi:nil="true"></Line2>
          <Line3 xsi:nil="true"></Line3>
          <Longitude xsi:nil="true"></Longitude>
          <Name xsi:nil="true"></Name>
          <PostalCode xsi:nil="true"></PostalCode>
          <PostOfficeBox xsi:nil="true"></PostOfficeBox>
          <PrimaryContactName xsi:nil="true"></PrimaryContactName>
          <ShippingMethodCode>1</ShippingMethodCode>
          <StateOrProvince xsi:nil="true"></StateOrProvince>
          <Telephone1 xsi:nil="true"></Telephone1>
          <Telephone2 xsi:nil="true"></Telephone2>
          <Telephone3 xsi:nil="true"></Telephone3>
          <TimeZoneRuleVersionNumber xsi:nil="true"></TimeZoneRuleVersionNumber>
          <UPSZone xsi:nil="true"></UPSZone>
          <UTCOffset xsi:nil="true"></UTCOffset>
          <UTCConversionTimeZoneCode xsi:nil="true"></UTCConversionTimeZoneCode>
        </Address>
        <Address>
          <AddressNumber>2</AddressNumber>
          <AddressTypeCode>1</AddressTypeCode>
          <City xsi:nil="true"></City>
          <County xsi:nil="true"></County>
          <Country xsi:nil="true"></Country>
          <Fax xsi:nil="true"></Fax>
          <FreightTermsCode xsi:nil="true"></FreightTermsCode>
          <ImportSequenceNumber xsi:nil="true"></ImportSequenceNumber>
          <Latitude xsi:nil="true"></Latitude>
          <Line1 xsi:nil="true"></Line1>
          <Line2 xsi:nil="true"></Line2>
          <Line3 xsi:nil="true"></Line3>
          <Longitude xsi:nil="true"></Longitude>
          <Name xsi:nil="true"></Name>
          <PostalCode xsi:nil="true"></PostalCode>
          <PostOfficeBox xsi:nil="true"></PostOfficeBox>
          <PrimaryContactName xsi:nil="true"></PrimaryContactName>
          <ShippingMethodCode>1</ShippingMethodCode>
          <StateOrProvince xsi:nil="true"></StateOrProvince>
          <Telephone1 xsi:nil="true"></Telephone1>
          <Telephone2 xsi:nil="true"></Telephone2>
          <Telephone3 xsi:nil="true"></Telephone3>
          <TimeZoneRuleVersionNumber xsi:nil="true"></TimeZoneRuleVersionNumber>
          <UPSZone xsi:nil="true"></UPSZone>
          <UTCOffset xsi:nil="true"></UTCOffset>
          <UTCConversionTimeZoneCode xsi:nil="true"></UTCConversionTimeZoneCode>
        </Address>
      </Addresses>
    </Publisher>
    <RootComponents>
      <RootComponent type="29" id="{1f12e020-1cc1-ef11-b8e8-6045bd9489cd}" behavior="0" />
      <RootComponent type="29" id="{d32f9c03-7bc0-ef11-b8e8-6045bd9489cd}" behavior="0" />
      <RootComponent type="29" id="{dbb99a18-7bc0-ef11-b8e8-6045bd9489cd}" behavior="0" />
    </RootComponents>
    <MissingDependencies>
      <MissingDependency>
        <Required type="1" schemaName="faf_kkb_addon" displayName="KKB_Add-on" solution="Active" />
        <Dependent type="29" displayName="Kookaburra_Add-ons" id="{1f12e020-1cc1-ef11-b8e8-6045bd9489cd}" />
      </MissingDependency>
      <MissingDependency>
        <Required type="1" schemaName="faf_kkb_automation" displayName="KKB_Automation" solution="Active" />
        <Dependent type="29" displayName="Kookaburra_Add-ons" id="{1f12e020-1cc1-ef11-b8e8-6045bd9489cd}" />
      </MissingDependency>
      <MissingDependency>
        <Required type="1" schemaName="faf_kkb_automation" displayName="KKB_Automation" solution="Active" />
        <Dependent type="29" displayName="KKB_Add-on_One" id="{d32f9c03-7bc0-ef11-b8e8-6045bd9489cd}" />
      </MissingDependency>
      <MissingDependency>
        <Required type="1" schemaName="faf_kkb_automation" displayName="KKB_Automation" solution="Active" />
        <Dependent type="29" displayName="KKB_Add-on_Two" id="{dbb99a18-7bc0-ef11-b8e8-6045bd9489cd}" />
      </MissingDependency>
      <MissingDependency>
        <Required type="1" schemaName="faf_kkb_automationinstance" displayName="KKB_Automation instance" solution="Active" />
        <Dependent type="29" displayName="KKB_Add-on_One" id="{d32f9c03-7bc0-ef11-b8e8-6045bd9489cd}" />
      </MissingDependency>
      <MissingDependency>
        <Required type="1" schemaName="faf_kkb_automationinstance" displayName="KKB_Automation instance" solution="Active" />
        <Dependent type="29" displayName="KKB_Add-on_Two" id="{dbb99a18-7bc0-ef11-b8e8-6045bd9489cd}" />
      </MissingDependency>
      <MissingDependency>
        <Required type="1" schemaName="faf_kkb_errorlog" displayName="KKB_Error log" solution="Active" />
        <Dependent type="29" displayName="KKB_Add-on_One" id="{d32f9c03-7bc0-ef11-b8e8-6045bd9489cd}" />
      </MissingDependency>
      <MissingDependency>
        <Required type="1" schemaName="faf_kkb_errorlog" displayName="KKB_Error log" solution="Active" />
        <Dependent type="29" displayName="KKB_Add-on_Two" id="{dbb99a18-7bc0-ef11-b8e8-6045bd9489cd}" />
      </MissingDependency>
      <MissingDependency>
        <Required type="1" schemaName="faf_kkb_log" displayName="KKB_Log" solution="Active" />
        <Dependent type="29" displayName="KKB_Add-on_One" id="{d32f9c03-7bc0-ef11-b8e8-6045bd9489cd}" />
      </MissingDependency>
      <MissingDependency>
        <Required type="1" schemaName="faf_kkb_log" displayName="KKB_Log" solution="Active" />
        <Dependent type="29" displayName="KKB_Add-on_Two" id="{dbb99a18-7bc0-ef11-b8e8-6045bd9489cd}" />
      </MissingDependency>
      <MissingDependency>
        <Required type="29" displayName="KKB_Create information record" solution="Active" id="{e37d11ea-c4be-ef11-b8e8-6045bd9489cd}" />
        <Dependent type="29" displayName="KKB_Add-on_One" id="{d32f9c03-7bc0-ef11-b8e8-6045bd9489cd}" />
      </MissingDependency>
      <MissingDependency>
        <Required type="29" displayName="KKB_Create information record" solution="Active" id="{e37d11ea-c4be-ef11-b8e8-6045bd9489cd}" />
        <Dependent type="29" displayName="KKB_Add-on_Two" id="{dbb99a18-7bc0-ef11-b8e8-6045bd9489cd}" />
      </MissingDependency>
      <MissingDependency>
        <Required type="29" displayName="KKB_Update console record" solution="Active" id="{e9058058-c5be-ef11-b8e8-6045bd9489cd}" />
        <Dependent type="29" displayName="KKB_Add-on_One" id="{d32f9c03-7bc0-ef11-b8e8-6045bd9489cd}" />
      </MissingDependency>
      <MissingDependency>
        <Required type="29" displayName="KKB_Update console record" solution="Active" id="{e9058058-c5be-ef11-b8e8-6045bd9489cd}" />
        <Dependent type="29" displayName="KKB_Add-on_Two" id="{dbb99a18-7bc0-ef11-b8e8-6045bd9489cd}" />
      </MissingDependency>
      <MissingDependency>
        <Required type="connectionreference" displayName="faf_KookaburraDataverse" solution="Active" id.connectionreferencelogicalname="faf_KookaburraDataverse" />
        <Dependent type="29" displayName="Kookaburra_Add-ons" id="{1f12e020-1cc1-ef11-b8e8-6045bd9489cd}" />
      </MissingDependency>
      <MissingDependency>
        <Required type="connectionreference" displayName="faf_KookaburraDataverse" solution="Active" id.connectionreferencelogicalname="faf_KookaburraDataverse" />
        <Dependent type="29" displayName="KKB_Add-on_One" id="{d32f9c03-7bc0-ef11-b8e8-6045bd9489cd}" />
      </MissingDependency>
      <MissingDependency>
        <Required type="connectionreference" displayName="faf_KookaburraDataverse" solution="Active" id.connectionreferencelogicalname="faf_KookaburraDataverse" />
        <Dependent type="29" displayName="KKB_Add-on_Two" id="{dbb99a18-7bc0-ef11-b8e8-6045bd9489cd}" />
      </MissingDependency>
      <MissingDependency>
        <Required type="EnvironmentVariableDefinition" displayName="faf_KKB_FlowRunURLBase" solution="Active" id.schemaname="faf_KKB_FlowRunURLBase" />
        <Dependent type="29" displayName="KKB_Add-on_One" id="{d32f9c03-7bc0-ef11-b8e8-6045bd9489cd}" />
      </MissingDependency>
      <MissingDependency>
        <Required type="EnvironmentVariableDefinition" displayName="faf_KKB_FlowRunURLBase" solution="Active" id.schemaname="faf_KKB_FlowRunURLBase" />
        <Dependent type="29" displayName="KKB_Add-on_Two" id="{dbb99a18-7bc0-ef11-b8e8-6045bd9489cd}" />
      </MissingDependency>
    </MissingDependencies>
  </SolutionManifest>
</ImportExportXml>