{
  "properties": {
    "connectionReferences": {
      "shared_commondataserviceforapps": {
        "runtimeSource": "embedded",
        "connection": {
          "connectionReferenceLogicalName": "faf_KookaburraDataverse"
        },
        "api": {
          "name": "shared_commondataserviceforapps"
        }
      }
    },
    "definition": {
      "$schema": "https://schema.management.azure.com/providers/Microsoft.Logic/schemas/2016-06-01/workflowdefinition.json#",
      "contentVersion": "1.0.0.0",
      "parameters": {
        "$connections": {
          "defaultValue": {},
          "type": "Object"
        },
        "$authentication": {
          "defaultValue": {},
          "type": "SecureObject"
        }
      },
      "triggers": {
        "manual": {
          "metadata": {
            "operationMetadataId": "04c9e174-b7ed-42ea-a5fa-34e86e9b6295"
          },
          "type": "Request",
          "kind": "Button",
          "inputs": {
            "schema": {
              "type": "object",
              "properties": {
                "text": {
                  "title": "Log",
                  "type": "string",
                  "x-ms-dynamically-added": true,
                  "description": "The related console log",
                  "x-ms-content-hint": "TEXT"
                },
                "text_1": {
                  "title": "Description",
                  "type": "string",
                  "x-ms-dynamically-added": true,
                  "description": "The description",
                  "x-ms-content-hint": "TEXT"
                }
              },
              "required": [
                "text",
                "text_1"
              ]
            }
          }
        }
      },
      "actions": {
        "Respond_to_a_Power_App_or_flow": {
          "runAfter": {
            "Add_a_new_row_-_Information_record": [
              "Succeeded"
            ]
          },
          "metadata": {
            "operationMetadataId": "2b1ad29e-8d3d-4ece-877a-1117b9e4ccb7"
          },
          "type": "Response",
          "kind": "PowerApp",
          "inputs": {
            "statusCode": 200,
            "body": {},
            "schema": {
              "type": "object",
              "properties": {}
            }
          }
        },
        "Add_a_new_row_-_Information_record": {
          "runAfter": {
            "Get_a_row_by_ID_-_Console_record": [
              "Succeeded"
            ]
          },
          "metadata": {
            "operationMetadataId": "df1a26ce-693f-430c-8994-d0f52b934c26"
          },
          "type": "OpenApiConnection",
          "inputs": {
            "host": {
              "connectionName": "shared_commondataserviceforapps",
              "operationId": "CreateRecord",
              "apiId": "/providers/Microsoft.PowerApps/apis/shared_commondataserviceforapps"
            },
            "parameters": {
              "entityName": "faf_kkb_logs",
              "item/faf_kkb_automation@odata.bind": "faf_kkb_automations/@{outputs('Get_a_row_by_ID_-_Console_record')?['body/faf_kkb_automation/faf_kkb_automationid']}",
              "item/faf_kkb_automationconfiguration@odata.bind": "faf_kkb_automationconfigurations/@{outputs('Get_a_row_by_ID_-_Console_record')?['body/faf_kkb_automationconfiguration/faf_kkb_automationconfigurationid']}",
              "item/faf_kkb_automationinstance@odata.bind": "faf_kkb_automationinstances/@{outputs('Get_a_row_by_ID_-_Console_record')?['body/faf_kkb_automationinstance/faf_kkb_automationinstanceid']}",
              "item/faf_kkb_businesssolution@odata.bind": "faf_kkb_businesssolutions/@{outputs('Get_a_row_by_ID_-_Console_record')?['body/faf_kkb_businesssolution/faf_kkb_businesssolutionid']}",
              "item/faf_kkb_run@odata.bind": "faf_kkb_runs/@{outputs('Get_a_row_by_ID_-_Console_record')?['body/faf_kkb_run/faf_kkb_runid']}",
              "item/faf_kkbtype": "Information",
              "item/faf_kkbdescription": "@triggerBody()['text_1']"
            },
            "authentication": {
              "type": "Raw",
              "value": "@json(decodeBase64(triggerOutputs().headers['X-MS-APIM-Tokens']))['$ConnectionKey']"
            },
            "retryPolicy": {
              "type": "none"
            }
          }
        },
        "Get_a_row_by_ID_-_Console_record": {
          "runAfter": {},
          "metadata": {
            "operationMetadataId": "1193a82b-7f82-4675-a42a-821b9bf3fd5b"
          },
          "type": "OpenApiConnection",
          "inputs": {
            "host": {
              "connectionName": "shared_commondataserviceforapps",
              "operationId": "GetItem",
              "apiId": "/providers/Microsoft.PowerApps/apis/shared_commondataserviceforapps"
            },
            "parameters": {
              "entityName": "faf_kkb_logs",
              "recordId": "@triggerBody()['text']",
              "$expand": "faf_kkb_automation, faf_kkb_automationconfiguration, faf_kkb_automationinstance, faf_kkb_businesssolution, faf_kkb_run"
            },
            "authentication": {
              "type": "Raw",
              "value": "@json(decodeBase64(triggerOutputs().headers['X-MS-APIM-Tokens']))['$ConnectionKey']"
            },
            "retryPolicy": {
              "type": "none"
            }
          }
        }
      }
    },
    "templateName": ""
  },
  "schemaVersion": "1.0.0.0"
}