{"schemaVersion":"1.0","appDefinitionTemplate":{"id":"/providers/Microsoft.PowerApps/apps/","type":"Microsoft.PowerApps/apps","tags":{"primaryDeviceWidth":"1366","primaryDeviceHeight":"768","supportsPortrait":"true","supportsLandscape":"true","primaryFormFactor":"Tablet","showStatusBar":"false","publisherVersion":"3.25024.7","minimumRequiredApiVersion":"2.2.0","hasComponent":"true","hasUnlockedComponent":"false","isUnifiedRootApp":"false","sienaVersion":"20250310T153428Z-3.25024.7.0"},"properties":{"appVersion":"2025-03-10T20:40:22Z","lifeCycleId":"Published","createdByClientVersion":{"major":3,"minor":25024,"build":7,"revision":0,"majorRevision":0,"minorRevision":0},"minClientVersion":{"major":3,"minor":25024,"build":7,"revision":0,"majorRevision":0,"minorRevision":0},"backgroundColor":"rgba(255, 255, 255, 1)","backgroundImageUri":"/11159395013855805343/Nb9ebaae0-d03e-4c3c-bdc2-2bee238eb1f1-logoSmallFile","displayName":"Kookaburra_Demo_ConfigData_1_Add-ons","commitMessage":"Version 1.0.0","appUris":{"documentUri":{"value":"/11159395013855805343/Nf3f2c5f2-8fb1-466d-9ceb-7d8d84abf584-document.msapp"},"imageUris":[],"additionalUris":[{"isSolutionAware":false,"value":"/11159395013855805343/N87233556-8b38-4407-9e6e-953c5715258b-identity.json"}]},"createdTime":"0001-01-01T00:00:00Z","lastModifiedTime":"0001-01-01T00:00:00Z","sharedGroupsCount":0,"sharedUsersCount":0,"connectionReferences":{},"databaseReferences":{"default.cds":{"databaseDetails":{"referenceType":"Environmental","environmentName":"default.cds","overrideValues":{"status":"NotSpecified","environmentVariableName":""}},"dataSources":{"KKB_Automations":{"entitySetName":"faf_kkb_automations","logicalName":"faf_kkb_automation","isHidden":false},"KKB_Settings":{"entitySetName":"faf_kkb_settings","logicalName":"faf_kkb_setting","isHidden":false},"KKB_Business solutions":{"entitySetName":"faf_kkb_businesssolutions","logicalName":"faf_kkb_businesssolution","isHidden":false},"KKB_Automation configurations":{"entitySetName":"faf_kkb_automationconfigurations","logicalName":"faf_kkb_automationconfiguration","isHidden":false},"KKB_Automation instances":{"entitySetName":"faf_kkb_automationinstances","logicalName":"faf_kkb_automationinstance","isHidden":false}},"actions":["providers/PowerPlatform.Governance/Operations/Read","providers/PowerPlatform.Governance/Operations/Delete","providers/PowerPlatform.Governance/Operations/Write"]}},"almMode":"Environment","performanceOptimizationEnabled":true,"canConsumeAppPass":false,"enableModernRuntimeMode":false,"executionRestrictions":{"isTeamsOnly":false,"dataLossPreventionEvaluationResult":{"status":"Compliant","lastEvaluationDate":"2025-03-02T15:00:26.5807003Z","violations":[],"violationsByPolicy":[],"violationErrorMessage":"The app uses the following connectors: shared_commondataservice."}}},"isAppComponentLibrary":false,"appType":"ClassicCanvasApp","appComponents":[]}}