<ImportExportXml version="9.2.25022.196" SolutionPackageVersion="9.2" languagecode="1033" generatedBy="CrmLive" xmlns:xsi="http://www.w3.org/2001/XMLSchema-instance" OrganizationVersion="9.2.25022.196" OrganizationSchemaType="Standard" CRMServerServiceabilityVersion="9.2.25022.00196">
  <SolutionManifest>
    <UniqueName>Kookaburra</UniqueName>
    <LocalizedNames>
      <LocalizedName description="Kookaburra" languagecode="1033" />
    </LocalizedNames>
    <Descriptions>
      <Description description="Kookaburra is an open-source project providing an extensible automation platform for business solutions to support application managers – functional and technical – in their day-to-day work. Kookaburra is built with the Microsoft Power Platform." languagecode="1033" />
    </Descriptions>
    <Version>2024.0.0.12</Version>
    <Managed>0</Managed>
    <Publisher>
      <UniqueName>formsandflows</UniqueName>
      <LocalizedNames>
        <LocalizedName description="Forms and Flows" languagecode="1033" />
      </LocalizedNames>
      <Descriptions />
      <EMailAddress xsi:nil="true"></EMailAddress>
      <SupportingWebsiteUrl>https://www.formsandflows.nl</SupportingWebsiteUrl>
      <CustomizationPrefix>faf</CustomizationPrefix>
      <CustomizationOptionValuePrefix>81143</CustomizationOptionValuePrefix>
      <Addresses>
        <Address>
          <AddressNumber>1</AddressNumber>
          <AddressTypeCode>1</AddressTypeCode>
          <City xsi:nil="true"></City>
          <County xsi:nil="true"></County>
          <Country>The Netherlands</Country>
          <Fax xsi:nil="true"></Fax>
          <FreightTermsCode xsi:nil="true"></FreightTermsCode>
          <ImportSequenceNumber xsi:nil="true"></ImportSequenceNumber>
          <Latitude xsi:nil="true"></Latitude>
          <Line1 xsi:nil="true"></Line1>
          <Line2 xsi:nil="true"></Line2>
          <Line3 xsi:nil="true"></Line3>
          <Longitude xsi:nil="true"></Longitude>
          <Name xsi:nil="true"></Name>
          <PostalCode xsi:nil="true"></PostalCode>
          <PostOfficeBox xsi:nil="true"></PostOfficeBox>
          <PrimaryContactName xsi:nil="true"></PrimaryContactName>
          <ShippingMethodCode>1</ShippingMethodCode>
          <StateOrProvince xsi:nil="true"></StateOrProvince>
          <Telephone1 xsi:nil="true"></Telephone1>
          <Telephone2 xsi:nil="true"></Telephone2>
          <Telephone3 xsi:nil="true"></Telephone3>
          <TimeZoneRuleVersionNumber xsi:nil="true"></TimeZoneRuleVersionNumber>
          <UPSZone xsi:nil="true"></UPSZone>
          <UTCOffset xsi:nil="true"></UTCOffset>
          <UTCConversionTimeZoneCode xsi:nil="true"></UTCConversionTimeZoneCode>
        </Address>
        <Address>
          <AddressNumber>2</AddressNumber>
          <AddressTypeCode>1</AddressTypeCode>
          <City xsi:nil="true"></City>
          <County xsi:nil="true"></County>
          <Country xsi:nil="true"></Country>
          <Fax xsi:nil="true"></Fax>
          <FreightTermsCode xsi:nil="true"></FreightTermsCode>
          <ImportSequenceNumber xsi:nil="true"></ImportSequenceNumber>
          <Latitude xsi:nil="true"></Latitude>
          <Line1 xsi:nil="true"></Line1>
          <Line2 xsi:nil="true"></Line2>
          <Line3 xsi:nil="true"></Line3>
          <Longitude xsi:nil="true"></Longitude>
          <Name xsi:nil="true"></Name>
          <PostalCode xsi:nil="true"></PostalCode>
          <PostOfficeBox xsi:nil="true"></PostOfficeBox>
          <PrimaryContactName xsi:nil="true"></PrimaryContactName>
          <ShippingMethodCode>1</ShippingMethodCode>
          <StateOrProvince xsi:nil="true"></StateOrProvince>
          <Telephone1 xsi:nil="true"></Telephone1>
          <Telephone2 xsi:nil="true"></Telephone2>
          <Telephone3 xsi:nil="true"></Telephone3>
          <TimeZoneRuleVersionNumber xsi:nil="true"></TimeZoneRuleVersionNumber>
          <UPSZone xsi:nil="true"></UPSZone>
          <UTCOffset xsi:nil="true"></UTCOffset>
          <UTCConversionTimeZoneCode xsi:nil="true"></UTCConversionTimeZoneCode>
        </Address>
      </Addresses>
    </Publisher>
    <RootComponents>
      <RootComponent type="1" schemaName="faf_kkb_addon" behavior="0" />
      <RootComponent type="1" schemaName="faf_kkb_automation" behavior="0" />
      <RootComponent type="1" schemaName="faf_kkb_automationconfiguration" behavior="0" />
      <RootComponent type="1" schemaName="faf_kkb_automationinstance" behavior="0" />
      <RootComponent type="1" schemaName="faf_kkb_businesssolution" behavior="0" />
      <RootComponent type="1" schemaName="faf_kkb_demo" behavior="0" />
      <RootComponent type="1" schemaName="faf_kkb_errorlog" behavior="0" />
      <RootComponent type="1" schemaName="faf_kkb_log" behavior="0" />
      <RootComponent type="1" schemaName="faf_kkb_run" behavior="0" />
      <RootComponent type="1" schemaName="faf_kkb_runprocessing" behavior="0" />
      <RootComponent type="1" schemaName="faf_kkb_setting" behavior="0" />
      <RootComponent type="29" id="{0d39f874-50ec-ef11-be21-7c1e52358383}" behavior="0" />
      <RootComponent type="29" id="{162cf9b0-8bee-ef11-be20-000d3ab814a4}" behavior="0" />
      <RootComponent type="29" id="{2680102f-38a7-ef11-b8e8-6045bda0688d}" behavior="0" />
      <RootComponent type="29" id="{28da1b17-7ca6-ef11-b8e8-6045bda0688d}" behavior="0" />
      <RootComponent type="29" id="{338877c4-5bbd-ef11-b8e8-6045bd966154}" behavior="0" />
      <RootComponent type="29" id="{37568ecd-7cb0-ef11-b8e9-6045bd89e61e}" behavior="0" />
      <RootComponent type="29" id="{4aef429b-46ea-ef11-be1f-6045bdded8b5}" behavior="0" />
      <RootComponent type="29" id="{4af2f42d-e5a8-ef11-b8e8-6045bda0688d}" behavior="0" />
      <RootComponent type="29" id="{4fd52347-38a7-ef11-b8e8-6045bda0688d}" behavior="0" />
      <RootComponent type="29" id="{5181b553-5abd-ef11-b8e8-6045bd966154}" behavior="0" />
      <RootComponent type="29" id="{6bc4530b-7db0-ef11-b8e9-6045bd89e61e}" behavior="0" />
      <RootComponent type="29" id="{70394cf3-7cb0-ef11-b8e9-6045bd89e61e}" behavior="0" />
      <RootComponent type="29" id="{93284545-51ec-ef11-be20-6045bdded8b5}" behavior="0" />
      <RootComponent type="29" id="{9e46f769-5ef7-ef11-bae2-000d3ab814a4}" behavior="0" />
      <RootComponent type="29" id="{cd3a8506-8eee-ef11-be20-6045bdded8b5}" behavior="0" />
      <RootComponent type="29" id="{e37d11ea-c4be-ef11-b8e8-6045bd9489cd}" behavior="0" />
      <RootComponent type="29" id="{e9058058-c5be-ef11-b8e8-6045bd9489cd}" behavior="0" />
      <RootComponent type="62" schemaName="faf_KKB_Data" behavior="0" />
      <RootComponent type="80" schemaName="faf_KKB_Data" behavior="0" />
      <RootComponent type="300" schemaName="faf_kkbconfiguration_ce940" behavior="0" />
      <RootComponent type="300" schemaName="faf_kkbconsole_e0459" behavior="0" />
      <RootComponent type="300" schemaName="faf_kkbmasterdata_1be3b" behavior="0" />
    </RootComponents>
    <MissingDependencies>
      <MissingDependency>
        <Required type="300" schemaName="faf_paco_877d7" displayName="PACo" solution="PACo (2023.0.0.46)" />
        <Dependent type="300" schemaName="faf_kkbconfiguration_ce940" displayName="KKB_Configuration" />
      </MissingDependency>
      <MissingDependency>
        <Required type="300" schemaName="faf_paco_877d7" displayName="PACo" solution="PACo (2023.0.0.46)" />
        <Dependent type="300" schemaName="faf_kkbconsole_e0459" displayName="KKB_Console" />
      </MissingDependency>
      <MissingDependency>
        <Required type="300" schemaName="faf_paco_877d7" displayName="PACo" solution="PACo (2023.0.0.46)" />
        <Dependent type="300" schemaName="faf_kkbmasterdata_1be3b" displayName="KKB_MasterData" />
      </MissingDependency>
      <MissingDependency>
        <Required type="61" schemaName="msdyn_/Images/AppModule_Default_Icon.png" displayName="msdyn_/Images/AppModule_Default_Icon.png" solution="AppModuleWebResources (2.5)">
          <package appName="AppModule Web Resources Package" version="2.5">AppModuleWebResources (2.5)</package>
        </Required>
        <Dependent type="80" schemaName="faf_KKB_Data" displayName="KKB_Data" />
      </MissingDependency>
      <MissingDependency>
        <Required type="SettingDefinition" displayName="AppChannel" solution="msdyn_AppFrameworkInfraExtensions (1.0.0.12)" id.uniquename="AppChannel">
          <package appName="PowerAppsAppFramework Package" version="1.0.0.16">PowerAppsAppFramework_Anchor (1.0.0.16)</package>
        </Required>
        <Dependent type="AppSetting" displayName="parentappmoduleid.uniquename=faf_KKB_Data,settingdefinitionid.uniquename=AppChannel" id.parentappmoduleid.uniquename="faf_KKB_Data" id.settingdefinitionid.uniquename="AppChannel" />
      </MissingDependency>
    </MissingDependencies>
  </SolutionManifest>
</ImportExportXml>