<ImportExportXml xmlns:xsi="http://www.w3.org/2001/XMLSchema-instance" OrganizationVersion="9.2.25022.196" OrganizationSchemaType="Standard" CRMServerServiceabilityVersion="9.2.25022.00196">
  <Entities></Entities>
  <Roles></Roles>
  <Workflows>
    <Workflow WorkflowId="{383d516d-a4f7-ef11-bae2-000d3ab814a4}" Name="KKB_Add-on_Two">
      <JsonFileName>/Workflows/KKB_Add-on_Two-383D516D-A4F7-EF11-BAE2-000D3AB814A4.json</JsonFileName>
      <Type>1</Type>
      <Subprocess>0</Subprocess>
      <Category>5</Category>
      <Mode>0</Mode>
      <Scope>4</Scope>
      <OnDemand>0</OnDemand>
      <TriggerOnCreate>0</TriggerOnCreate>
      <TriggerOnDelete>0</TriggerOnDelete>
      <AsyncAutodelete>0</AsyncAutodelete>
      <SyncWorkflowLogOnFailure>0</SyncWorkflowLogOnFailure>
      <StateCode>1</StateCode>
      <StatusCode>2</StatusCode>
      <RunAs>1</RunAs>
      <IsTransacted>1</IsTransacted>
      <IntroducedVersion>2025.0.0.1</IntroducedVersion>
      <IsCustomizable>1</IsCustomizable>
      <IsCustomProcessingStepAllowedForOtherPublishers>1</IsCustomProcessingStepAllowedForOtherPublishers>
      <PrimaryEntity>none</PrimaryEntity>
      <LocalizedNames>
        <LocalizedName languagecode="1033" description="KKB_Add-on_Two" />
      </LocalizedNames>
    </Workflow>
    <Workflow WorkflowId="{d32f9c03-7bc0-ef11-b8e8-6045bd9489cd}" Name="KKB_Add-on_One">
      <JsonFileName>/Workflows/KKB_Add-on_One-D32F9C03-7BC0-EF11-B8E8-6045BD9489CD.json</JsonFileName>
      <Type>1</Type>
      <Subprocess>0</Subprocess>
      <Category>5</Category>
      <Mode>0</Mode>
      <Scope>4</Scope>
      <OnDemand>0</OnDemand>
      <TriggerOnCreate>0</TriggerOnCreate>
      <TriggerOnDelete>0</TriggerOnDelete>
      <AsyncAutodelete>0</AsyncAutodelete>
      <SyncWorkflowLogOnFailure>0</SyncWorkflowLogOnFailure>
      <StateCode>1</StateCode>
      <StatusCode>2</StatusCode>
      <RunAs>1</RunAs>
      <IsTransacted>1</IsTransacted>
      <IntroducedVersion>2024.0.0.1</IntroducedVersion>
      <IsCustomizable>1</IsCustomizable>
      <IsCustomProcessingStepAllowedForOtherPublishers>1</IsCustomProcessingStepAllowedForOtherPublishers>
      <PrimaryEntity>none</PrimaryEntity>
      <LocalizedNames>
        <LocalizedName languagecode="1033" description="KKB_Add-on_One" />
      </LocalizedNames>
    </Workflow>
    <Workflow WorkflowId="{1f12e020-1cc1-ef11-b8e8-6045bd9489cd}" Name="Kookaburra_Add-ons">
      <JsonFileName>/Workflows/Kookaburra_Add-ons-1F12E020-1CC1-EF11-B8E8-6045BD9489CD.json</JsonFileName>
      <Type>1</Type>
      <Subprocess>0</Subprocess>
      <Category>5</Category>
      <Mode>0</Mode>
      <Scope>4</Scope>
      <OnDemand>0</OnDemand>
      <TriggerOnCreate>0</TriggerOnCreate>
      <TriggerOnDelete>0</TriggerOnDelete>
      <AsyncAutodelete>0</AsyncAutodelete>
      <SyncWorkflowLogOnFailure>0</SyncWorkflowLogOnFailure>
      <StateCode>0</StateCode>
      <StatusCode>1</StatusCode>
      <RunAs>1</RunAs>
      <IsTransacted>1</IsTransacted>
      <IntroducedVersion>2024.0.0.1</IntroducedVersion>
      <IsCustomizable>1</IsCustomizable>
      <IsCustomProcessingStepAllowedForOtherPublishers>1</IsCustomProcessingStepAllowedForOtherPublishers>
      <PrimaryEntity>none</PrimaryEntity>
      <LocalizedNames>
        <LocalizedName languagecode="1033" description="Kookaburra_Add-ons" />
      </LocalizedNames>
    </Workflow>
  </Workflows>
  <FieldSecurityProfiles></FieldSecurityProfiles>
  <Templates />
  <EntityMaps />
  <EntityRelationships />
  <OrganizationSettings />
  <optionsets />
  <CustomControls />
  <EntityDataProviders />
  <CanvasApps>
    <CanvasApp>
      <Name>faf_kkbmasterdataaddons_589dd</Name>
      <AppVersion>2025-03-10T15:33:03Z</AppVersion>
      <Status>Ready</Status>
      <CreatedByClientVersion>3.25024.7.0</CreatedByClientVersion>
      <MinClientVersion>3.25024.7.0</MinClientVersion>
      <Tags>{"primaryDeviceWidth":"1366","primaryDeviceHeight":"768","supportsPortrait":"true","supportsLandscape":"true","primaryFormFactor":"Tablet","showStatusBar":"false","publisherVersion":"3.25024.7","minimumRequiredApiVersion":"2.2.0","hasComponent":"true","hasUnlockedComponent":"false","isUnifiedRootApp":"false","sienaVersion":"20250310T152300Z-3.25024.6.0"}</Tags>
      <IsCdsUpgraded>0</IsCdsUpgraded>
      <GalleryItemId xsi:nil="true"></GalleryItemId>
      <BackgroundColor>rgba(255, 255, 255, 1)</BackgroundColor>
      <DisplayName>KKB_MasterData_Add-ons</DisplayName>
      <Description>KKB_MasterData_Add-ons</Description>
      <CommitMessage>Version 1.0.0</CommitMessage>
      <Publisher></Publisher>
      <AuthorizationReferences>[]</AuthorizationReferences>
      <ConnectionReferences>{}</ConnectionReferences>
      <DatabaseReferences>{"default.cds":{"databaseDetails":{"referenceType":"Environmental","environmentName":"default.cds","overrideValues":{"status":"NotSpecified","environmentVariableName":""}},"dataSources":{"KKB_Automations":{"entitySetName":"faf_kkb_automations","logicalName":"faf_kkb_automation"},"KKB_Settings":{"entitySetName":"faf_kkb_settings","logicalName":"faf_kkb_setting"}}}}</DatabaseReferences>
      <AppComponents>[]</AppComponents>
      <AppComponentDependencies>[{"appComponentName":"b9bc42caeee7419f996665959f65bfd0","appName":"a5a274bf-75c5-4ea2-88c2-fa8992fe2dce","appComponentLibraryName":"e085ca9b-d4cb-4d91-8058-dd98c0f9f714","appComponentLibraryVersion":"2025-03-10T14:01:56Z","appComponentLibraryLogicalName":"faf_paco_877d7","tenantId":"80abc0a6-d93f-4379-a387-8ffbf039fa91","environmentName":"d34e5a82-d2e3-e061-a907-3ca82840d650"},{"appComponentName":"5783ab3906654229b07de8cc9b42de79","appName":"a5a274bf-75c5-4ea2-88c2-fa8992fe2dce","appComponentLibraryName":"e085ca9b-d4cb-4d91-8058-dd98c0f9f714","appComponentLibraryVersion":"2025-03-10T14:01:56Z","appComponentLibraryLogicalName":"faf_paco_877d7","tenantId":"80abc0a6-d93f-4379-a387-8ffbf039fa91","environmentName":"d34e5a82-d2e3-e061-a907-3ca82840d650"},{"appComponentName":"f95cd6d4014f420fb9917fb20880c054","appName":"a5a274bf-75c5-4ea2-88c2-fa8992fe2dce","appComponentLibraryName":"e085ca9b-d4cb-4d91-8058-dd98c0f9f714","appComponentLibraryVersion":"2025-03-10T14:01:56Z","appComponentLibraryLogicalName":"faf_paco_877d7","tenantId":"80abc0a6-d93f-4379-a387-8ffbf039fa91","environmentName":"d34e5a82-d2e3-e061-a907-3ca82840d650"}]</AppComponentDependencies>
      <CanConsumeAppPass>1</CanConsumeAppPass>
      <CanvasAppType>0</CanvasAppType>
      <BypassConsent>0</BypassConsent>
      <AdminControlBypassConsent>0</AdminControlBypassConsent>
      <EmbeddedApp xsi:nil="true"></EmbeddedApp>
      <IntroducedVersion>1.0</IntroducedVersion>
      <CdsDependencies>{"cdsdependencies":[{"logicalname":"faf_kkb_automation","componenttype":1},{"logicalname":"faf_kkb_setting","componenttype":1},{"logicalname":"faf_paco_877d7","componenttype":300,"componenttypeplatformname":"CanvasApp"}]}</CdsDependencies>
      <IsCustomizable>1</IsCustomizable>
      <BackgroundImageUri>/CanvasApps/faf_kkbmasterdataaddons_589dd_BackgroundImageUri</BackgroundImageUri>
      <DocumentUri>/CanvasApps/faf_kkbmasterdataaddons_589dd_DocumentUri.msapp</DocumentUri>
      <AdditionalUris>
        <AdditionalUri>/CanvasApps/faf_kkbmasterdataaddons_589dd_AdditionalUris0_identity.json</AdditionalUri>
      </AdditionalUris>
    </CanvasApp>
  </CanvasApps>
  <Languages>
    <Language>1033</Language>
  </Languages>
</ImportExportXml>