{
  "properties": {
    "connectionReferences": {
      "shared_commondataserviceforapps": {
        "runtimeSource": "embedded",
        "connection": {
          "connectionReferenceLogicalName": "faf_KookaburraDataverse"
        },
        "api": {
          "name": "shared_commondataserviceforapps"
        }
      }
    },
    "definition": {
      "$schema": "https://schema.management.azure.com/providers/Microsoft.Logic/schemas/2016-06-01/workflowdefinition.json#",
      "contentVersion": "1.0.0.0",
      "parameters": {
        "$connections": {
          "defaultValue": {},
          "type": "Object"
        },
        "$authentication": {
          "defaultValue": {},
          "type": "SecureObject"
        }
      },
      "triggers": {
        "When_a_row_is_added,_modified_or_deleted": {
          "metadata": {
            "operationMetadataId": "5b70337a-6654-413e-8830-81775b41c8a7"
          },
          "type": "OpenApiConnectionWebhook",
          "inputs": {
            "host": {
              "connectionName": "shared_commondataserviceforapps",
              "operationId": "SubscribeWebhookTrigger",
              "apiId": "/providers/Microsoft.PowerApps/apis/shared_commondataserviceforapps"
            },
            "parameters": {
              "subscriptionRequest/message": 1,
              "subscriptionRequest/entityname": "faf_kkb_runprocessing",
              "subscriptionRequest/scope": 4
            },
            "authentication": "@parameters('$authentication')"
          }
        }
      },
      "actions": {
        "Scope_-_Try": {
          "actions": {
            "Filter_array_-_Ok": {
              "runAfter": {
                "List_rows_-_Logs": [
                  "Succeeded"
                ]
              },
              "metadata": {
                "operationMetadataId": "e13ea022-5c48-4782-8215-d89e19037457"
              },
              "type": "Query",
              "inputs": {
                "from": "@outputs('List_rows_-_Logs')?['body/value']",
                "where": "@equals(item()?['faf_kkbresult'], 'Ok')"
              }
            },
            "Compose_-_Ok": {
              "runAfter": {
                "Filter_array_-_Ok": [
                  "Succeeded"
                ]
              },
              "metadata": {
                "operationMetadataId": "fd6c0972-391e-4ad3-ad07-d3c5a62def10"
              },
              "type": "Compose",
              "inputs": "@length(body('Filter_array_-_Ok'))"
            },
            "Filter_array_-_Warning": {
              "runAfter": {
                "Compose_-_Ok": [
                  "Succeeded"
                ]
              },
              "metadata": {
                "operationMetadataId": "9905012f-f752-4e38-8d78-d74548f71f76"
              },
              "type": "Query",
              "inputs": {
                "from": "@outputs('List_rows_-_Logs')?['body/value']",
                "where": "@equals(item()?['faf_kkbresult'], 'Warning')"
              }
            },
            "Compose_-_Warning": {
              "runAfter": {
                "Filter_array_-_Warning": [
                  "Succeeded"
                ]
              },
              "metadata": {
                "operationMetadataId": "fd6c0972-391e-4ad3-ad07-d3c5a62def10"
              },
              "type": "Compose",
              "inputs": "@length(body('Filter_array_-_Warning'))"
            },
            "Filter_array_-_Error": {
              "runAfter": {
                "Compose_-_Warning": [
                  "Succeeded"
                ]
              },
              "metadata": {
                "operationMetadataId": "64ed4f79-efa0-44e0-b025-c2d4fef4f900"
              },
              "type": "Query",
              "inputs": {
                "from": "@outputs('List_rows_-_Logs')?['body/value']",
                "where": "@equals(item()?['faf_kkbresult'], 'Error')"
              }
            },
            "Compose_-_Flow_error": {
              "runAfter": {
                "Filter_array_-_Flow_error": [
                  "Succeeded"
                ]
              },
              "metadata": {
                "operationMetadataId": "fd6c0972-391e-4ad3-ad07-d3c5a62def10"
              },
              "type": "Compose",
              "inputs": "@length(body('Filter_array_-_Flow_error'))"
            },
            "Compose_-_Unknown": {
              "runAfter": {
                "Filter_array_-_Unknown": [
                  "Succeeded"
                ]
              },
              "metadata": {
                "operationMetadataId": "fd6c0972-391e-4ad3-ad07-d3c5a62def10"
              },
              "type": "Compose",
              "inputs": "@length(body('Filter_array_-_Unknown'))"
            },
            "Filter_array_-_Unknown": {
              "runAfter": {
                "Compose_-_Flow_error": [
                  "Succeeded"
                ]
              },
              "metadata": {
                "operationMetadataId": "64ed4f79-efa0-44e0-b025-c2d4fef4f900"
              },
              "type": "Query",
              "inputs": {
                "from": "@outputs('List_rows_-_Logs')?['body/value']",
                "where": "@equals(item()?['faf_kkbresult'], null)"
              }
            },
            "Update_a_row_-_Run_-_Processed": {
              "runAfter": {
                "Compose_-_Unknown": [
                  "Succeeded"
                ]
              },
              "metadata": {
                "operationMetadataId": "c5231a47-340e-406f-89dd-88deaf8524e0"
              },
              "type": "OpenApiConnection",
              "inputs": {
                "host": {
                  "connectionName": "shared_commondataserviceforapps",
                  "operationId": "UpdateOnlyRecord",
                  "apiId": "/providers/Microsoft.PowerApps/apis/shared_commondataserviceforapps"
                },
                "parameters": {
                  "entityName": "faf_kkb_runs",
                  "recordId": "@triggerOutputs()?['body/_faf_kkb_run_value']",
                  "item/faf_kkbprocessing": "Processed",
                  "item/faf_kkbtotalerror": "@length(body('Filter_array_-_Error'))",
                  "item/faf_kkbtotalflowerror": "@length(body('Filter_array_-_Flow_error'))",
                  "item/faf_kkbtotalok": "@length(body('Filter_array_-_Ok'))",
                  "item/faf_kkbtotalunknown": "@length(body('Filter_array_-_Unknown'))",
                  "item/faf_kkbtotalwarning": "@length(body('Filter_array_-_Warning'))"
                },
                "authentication": "@parameters('$authentication')"
              }
            },
            "Compose_-_Error": {
              "runAfter": {
                "Filter_array_-_Error": [
                  "Succeeded"
                ]
              },
              "metadata": {
                "operationMetadataId": "fd6c0972-391e-4ad3-ad07-d3c5a62def10"
              },
              "type": "Compose",
              "inputs": "@length(body('Filter_array_-_Error'))"
            },
            "Filter_array_-_Flow_error": {
              "runAfter": {
                "Compose_-_Error": [
                  "Succeeded"
                ]
              },
              "metadata": {
                "operationMetadataId": "64ed4f79-efa0-44e0-b025-c2d4fef4f900"
              },
              "type": "Query",
              "inputs": {
                "from": "@outputs('List_rows_-_Logs')?['body/value']",
                "where": "@equals(item()?['faf_kkbresult'], 'Flow error')"
              }
            },
            "Update_a_row_-_Run_procesing_-_Processed": {
              "runAfter": {
                "Update_a_row_-_Run_-_Processed": [
                  "Succeeded"
                ]
              },
              "metadata": {
                "operationMetadataId": "354aac85-89b7-4b08-ba8d-4482549d69af"
              },
              "type": "OpenApiConnection",
              "inputs": {
                "host": {
                  "connectionName": "shared_commondataserviceforapps",
                  "operationId": "UpdateOnlyRecord",
                  "apiId": "/providers/Microsoft.PowerApps/apis/shared_commondataserviceforapps"
                },
                "parameters": {
                  "entityName": "faf_kkb_runprocessings",
                  "recordId": "@triggerOutputs()?['body/faf_kkb_runprocessingid']",
                  "item/faf_kkbprogress": "Processed"
                },
                "authentication": "@parameters('$authentication')"
              }
            },
            "Update_a_row_-_Run_-_Processing": {
              "runAfter": {},
              "metadata": {
                "operationMetadataId": "c5231a47-340e-406f-89dd-88deaf8524e0"
              },
              "type": "OpenApiConnection",
              "inputs": {
                "host": {
                  "connectionName": "shared_commondataserviceforapps",
                  "operationId": "UpdateOnlyRecord",
                  "apiId": "/providers/Microsoft.PowerApps/apis/shared_commondataserviceforapps"
                },
                "parameters": {
                  "entityName": "faf_kkb_runs",
                  "recordId": "@triggerOutputs()?['body/_faf_kkb_run_value']",
                  "item/faf_kkbprocessing": "Processing"
                },
                "authentication": "@parameters('$authentication')"
              }
            },
            "List_rows_-_Logs": {
              "runAfter": {
                "Update_a_row_-_Run_procesing_-_Processing": [
                  "Succeeded"
                ]
              },
              "metadata": {
                "operationMetadataId": "4682c89b-1a81-4367-9d5e-e4244f1f1ebb"
              },
              "type": "OpenApiConnection",
              "inputs": {
                "host": {
                  "connectionName": "shared_commondataserviceforapps",
                  "operationId": "ListRecords",
                  "apiId": "/providers/Microsoft.PowerApps/apis/shared_commondataserviceforapps"
                },
                "parameters": {
                  "entityName": "faf_kkb_logs",
                  "$filter": "(_faf_kkb_run_value eq '@{triggerOutputs()?['body/_faf_kkb_run_value']}') and (faf_kkbtype eq 'Console')"
                },
                "authentication": "@parameters('$authentication')"
              }
            },
            "Update_a_row_-_Run_procesing_-_Processing": {
              "runAfter": {
                "Update_a_row_-_Run_-_Processing": [
                  "Succeeded"
                ]
              },
              "metadata": {
                "operationMetadataId": "b7a9634d-6db7-4606-aeca-50d3321f8b98"
              },
              "type": "OpenApiConnection",
              "inputs": {
                "host": {
                  "connectionName": "shared_commondataserviceforapps",
                  "operationId": "UpdateOnlyRecord",
                  "apiId": "/providers/Microsoft.PowerApps/apis/shared_commondataserviceforapps"
                },
                "parameters": {
                  "entityName": "faf_kkb_runprocessings",
                  "recordId": "@triggerOutputs()?['body/faf_kkb_runprocessingid']",
                  "item/faf_kkbprogress": "Processing"
                },
                "authentication": "@parameters('$authentication')"
              }
            }
          },
          "runAfter": {
            "Initialize_variable_-_varErrorMessage": [
              "Succeeded"
            ]
          },
          "metadata": {
            "operationMetadataId": "7223d07d-6763-4b66-8327-98c9d9efe291"
          },
          "type": "Scope"
        },
        "Initialize_variable_-_varError": {
          "runAfter": {},
          "metadata": {
            "operationMetadataId": "509fb632-b00b-4371-967a-5eeed7feb8ff"
          },
          "type": "InitializeVariable",
          "inputs": {
            "variables": [
              {
                "name": "varError",
                "type": "boolean",
                "value": "@false"
              }
            ]
          }
        },
        "Initialize_variable_-_varErrorAction": {
          "runAfter": {
            "Initialize_variable_-_varError": [
              "Succeeded"
            ]
          },
          "metadata": {
            "operationMetadataId": "55c92eba-31bb-46a2-b074-cf9d9d6369db"
          },
          "type": "InitializeVariable",
          "inputs": {
            "variables": [
              {
                "name": "varErrorAction",
                "type": "string"
              }
            ]
          }
        },
        "Initialize_variable_-_varErrorMessage": {
          "runAfter": {
            "Initialize_variable_-_varErrorAction": [
              "Succeeded"
            ]
          },
          "metadata": {
            "operationMetadataId": "860b9fd0-8773-4552-83c7-ee5d4a9f6177"
          },
          "type": "InitializeVariable",
          "inputs": {
            "variables": [
              {
                "name": "varErrorMessage",
                "type": "string"
              }
            ]
          }
        },
        "Scope_-_Catch": {
          "actions": {
            "Set_variable_-_varError": {
              "runAfter": {},
              "metadata": {
                "operationMetadataId": "43573711-83af-416c-b04e-7354d1d60cff"
              },
              "type": "SetVariable",
              "inputs": {
                "name": "varError",
                "value": "@true"
              }
            },
            "Set_variable_-_varErrorAction": {
              "runAfter": {
                "Filter_array": [
                  "Succeeded"
                ]
              },
              "metadata": {
                "operationMetadataId": "ed734a61-eb6e-4dc8-9b28-ee469a415601"
              },
              "type": "SetVariable",
              "inputs": {
                "name": "varErrorAction",
                "value": "@{first(body('Filter_array'))?['name']}"
              }
            },
            "Set_variable_-_varErrorMessage": {
              "runAfter": {
                "Set_variable_-_varErrorAction": [
                  "Succeeded"
                ]
              },
              "metadata": {
                "operationMetadataId": "7aa5ea7b-d15b-47f7-aef7-4d8547c769f3"
              },
              "type": "SetVariable",
              "inputs": {
                "name": "varErrorMessage",
                "value": "@{first(body('Filter_array'))?['code']}"
              }
            },
            "Filter_array": {
              "runAfter": {
                "Set_variable_-_varError": [
                  "Succeeded"
                ]
              },
              "metadata": {
                "operationMetadataId": "0040e060-90da-4111-a331-fe18a83791eb"
              },
              "type": "Query",
              "inputs": {
                "from": "@result('Scope_-_Try')",
                "where": "@or(equals(item()?['Status'], 'Failed'), equals(item()?['Status'], 'TimedOut'))"
              }
            }
          },
          "runAfter": {
            "Scope_-_Try": [
              "Failed",
              "TimedOut"
            ]
          },
          "metadata": {
            "operationMetadataId": "b8c2282d-0ea6-4b70-80b0-d16198570ffe"
          },
          "type": "Scope"
        },
        "Scope_-_Finally": {
          "actions": {
            "Condition_-_varError": {
              "actions": {
                "Terminate_-_NOK": {
                  "runAfter": {},
                  "metadata": {
                    "operationMetadataId": "abb2829a-adb4-43f2-a455-b5d58caaba14"
                  },
                  "type": "Terminate",
                  "inputs": {
                    "runStatus": "Failed"
                  }
                }
              },
              "runAfter": {},
              "expression": {
                "equals": [
                  "@variables('varError')",
                  "@true"
                ]
              },
              "metadata": {
                "operationMetadataId": "88f72839-c7be-4e67-89b4-7a80c1c3f92f"
              },
              "type": "If"
            }
          },
          "runAfter": {
            "Scope_-_Catch": [
              "Succeeded",
              "Failed",
              "Skipped",
              "TimedOut"
            ]
          },
          "metadata": {
            "operationMetadataId": "6cc414f8-7e65-4ab5-a629-05169e4cd51a"
          },
          "type": "Scope"
        }
      }
    },
    "templateName": ""
  },
  "schemaVersion": "1.0.0.0"
}