{
  "properties": {
    "connectionReferences": {
      "shared_commondataserviceforapps": {
        "runtimeSource": "embedded",
        "connection": {
          "connectionReferenceLogicalName": "faf_KookaburraDataverse"
        },
        "api": {
          "name": "shared_commondataserviceforapps"
        }
      }
    },
    "definition": {
      "$schema": "https://schema.management.azure.com/providers/Microsoft.Logic/schemas/2016-06-01/workflowdefinition.json#",
      "contentVersion": "1.0.0.0",
      "parameters": {
        "$connections": {
          "defaultValue": {},
          "type": "Object"
        },
        "$authentication": {
          "defaultValue": {},
          "type": "SecureObject"
        }
      },
      "triggers": {
        "Recurrence": {
          "recurrence": {
            "frequency": "Hour",
            "interval": 1,
            "timeZone": "W. Europe Standard Time",
            "startTime": "2024-12-30T00:17:00Z"
          },
          "metadata": {
            "operationMetadataId": "75b2ca4f-706c-476b-8519-146fd665df78"
          },
          "type": "Recurrence"
        }
      },
      "actions": {
        "Initialize_variable_-_varAutomationInstances": {
          "runAfter": {
            "Apply_to_each_-_Run_not_processed": [
              "Succeeded"
            ]
          },
          "metadata": {
            "operationMetadataId": "3c97bc51-5ab5-485f-bc10-5b9b90f4b603"
          },
          "type": "InitializeVariable",
          "inputs": {
            "variables": [
              {
                "name": "varAutomationInstances",
                "type": "array"
              }
            ]
          }
        },
        "Initialize_variable_-_varExecute": {
          "runAfter": {
            "Initialize_variable_-_varAutomationInstances": [
              "Succeeded"
            ]
          },
          "metadata": {
            "operationMetadataId": "a1519c40-1295-4769-b387-ef9a76e5b323"
          },
          "type": "InitializeVariable",
          "inputs": {
            "variables": [
              {
                "name": "varExecute",
                "type": "integer",
                "value": 0
              }
            ]
          }
        },
        "Compose_-_Session": {
          "runAfter": {
            "Initialize_variable_-_varExecute": [
              "Succeeded"
            ]
          },
          "metadata": {
            "operationMetadataId": "5e44fdc3-1324-413c-98a1-30b4591c3696"
          },
          "type": "Compose",
          "inputs": "@toUpper(guid())"
        },
        "Scope_-_Recurring": {
          "actions": {
            "List_rows_-_All_active_automation_configurations": {
              "runAfter": {},
              "metadata": {
                "operationMetadataId": "fe61446e-1b20-49bd-810e-982a1145e3d1"
              },
              "type": "OpenApiConnection",
              "inputs": {
                "host": {
                  "connectionName": "shared_commondataserviceforapps",
                  "operationId": "ListRecords",
                  "apiId": "/providers/Microsoft.PowerApps/apis/shared_commondataserviceforapps"
                },
                "parameters": {
                  "entityName": "faf_kkb_businesssolutions",
                  "$filter": "faf_kkbactiveautomationconfiguration ne null",
                  "$expand": "faf_kkbactiveautomationconfiguration"
                },
                "authentication": "@parameters('$authentication')",
                "retryPolicy": {
                  "type": "none"
                }
              }
            },
            "Apply_to_each_-_Active_automation_configuration": {
              "foreach": "@outputs('List_rows_-_All_active_automation_configurations')?['body/value']",
              "actions": {
                "List_rows_-_Automation_instances": {
                  "runAfter": {},
                  "metadata": {
                    "operationMetadataId": "db9315ea-0f33-4a5a-a459-4b46bbd2c4a6"
                  },
                  "type": "OpenApiConnection",
                  "inputs": {
                    "host": {
                      "connectionName": "shared_commondataserviceforapps",
                      "operationId": "ListRecords",
                      "apiId": "/providers/Microsoft.PowerApps/apis/shared_commondataserviceforapps"
                    },
                    "parameters": {
                      "entityName": "faf_kkb_automationinstances",
                      "$filter": "(_faf_kkb_automationconfiguration_value eq '@{items('Apply_to_each_-_Active_automation_configuration')?['faf_kkbactiveautomationconfiguration/faf_kkb_automationconfigurationid']}') and (faf_kkbschedule eq 'Recurring')",
                      "$expand": "faf_kkb_automation, faf_kkb_automationconfiguration, faf_kkb_businesssolution"
                    },
                    "authentication": "@parameters('$authentication')",
                    "retryPolicy": {
                      "type": "none"
                    }
                  }
                },
                "Apply_to_each_-_Automation_instance": {
                  "foreach": "@outputs('List_rows_-_Automation_instances')?['body/value']",
                  "actions": {
                    "Append_to_array_variable_-_varAutomationInstances": {
                      "runAfter": {},
                      "metadata": {
                        "operationMetadataId": "99a5b11e-814c-4efa-8b27-7bd483e9e8d8"
                      },
                      "type": "AppendToArrayVariable",
                      "inputs": {
                        "name": "varAutomationInstances",
                        "value": {
                          "Always run": "@items('Apply_to_each_-_Automation_instance')?['faf_kkbalwaysrun']",
                          "Automation instanceId": "@items('Apply_to_each_-_Automation_instance')?['faf_kkb_automationinstanceId']",
                          "Parameters": "@items('Apply_to_each_-_Automation_instance')?['faf_kkbparameters']",
                          "Recurring - Day": "@items('Apply_to_each_-_Automation_instance')?['faf_kkbrecurringday']",
                          "Recurring - Hour": "@items('Apply_to_each_-_Automation_instance')?['faf_kkbrecurringhour']",
                          "Run at": "@items('Apply_to_each_-_Automation_instance')?['faf_kkbrunat']",
                          "Schedule": "@items('Apply_to_each_-_Automation_instance')?['faf_kkbschedule']",
                          "Status": "@items('Apply_to_each_-_Automation_instance')?['faf_kkbstatus']",
                          "Unique identifier": "@items('Apply_to_each_-_Automation_instance')?['faf_kkb_automationinstanceId']",
                          "Unit": "@items('Apply_to_each_-_Automation_instance')?['faf_kkbunit']",
                          "AutomationId": "@items('Apply_to_each_-_Automation_instance')?['faf_kkb_automation/faf_kkb_automationId']",
                          "Automation_Location": "@items('Apply_to_each_-_Automation_instance')?['faf_kkb_automation/faf_kkblocation']",
                          "Automation_Technology": "@items('Apply_to_each_-_Automation_instance')?['faf_kkb_automation/faf_kkbtechnology']",
                          "Automation_Title": "@items('Apply_to_each_-_Automation_instance')?['faf_kkb_automation/faf_kkbtitle']",
                          "Automation_Type": "@items('Apply_to_each_-_Automation_instance')?['faf_kkb_automation/faf_kkbtype']",
                          "Automation_Version": "@items('Apply_to_each_-_Automation_instance')?['faf_kkb_automation/faf_kkbversion']",
                          "Automation configurationId": "@items('Apply_to_each_-_Automation_instance')?['faf_kkb_automationconfiguration/faf_kkb_automationconfigurationId']",
                          "Business solutionId": "@items('Apply_to_each_-_Automation_instance')?['faf_kkb_businesssolution/faf_kkb_businesssolutionId']",
                          "Business solution_Title": "@items('Apply_to_each_-_Automation_instance')?['faf_kkb_businesssolution/faf_kkbtitle']",
                          "RunId": "@outputs('Add_a_new_row_-_Run')?['body/faf_kkb_runid']"
                        }
                      }
                    }
                  },
                  "runAfter": {
                    "List_rows_-_Automation_instances": [
                      "Succeeded"
                    ]
                  },
                  "metadata": {
                    "operationMetadataId": "5cea7275-d246-4713-b328-70092cace8aa"
                  },
                  "type": "Foreach",
                  "runtimeConfiguration": {
                    "concurrency": {
                      "repetitions": 50
                    }
                  }
                }
              },
              "runAfter": {
                "List_rows_-_All_active_automation_configurations": [
                  "Succeeded"
                ]
              },
              "metadata": {
                "operationMetadataId": "9f699afa-9cc5-4207-9e6f-64568cba777b"
              },
              "type": "Foreach",
              "runtimeConfiguration": {
                "concurrency": {
                  "repetitions": 50
                }
              }
            },
            "Parse_JSON_-_varAutomationInstances": {
              "runAfter": {
                "Apply_to_each_-_Active_automation_configuration": [
                  "Succeeded"
                ]
              },
              "metadata": {
                "operationMetadataId": "c7b1c328-0a76-4b97-9ee8-4e7c9a7fb022"
              },
              "type": "ParseJson",
              "inputs": {
                "content": "@variables('varAutomationInstances')",
                "schema": {
                  "type": "array",
                  "items": {
                    "type": "object",
                    "properties": {
                      "Always run": {
                        "type": "boolean"
                      },
                      "Parameters": {
                        "type": [
                          "string",
                          "null"
                        ]
                      },
                      "Run at": {
                        "type": [
                          "string",
                          "null"
                        ]
                      },
                      "Recurring - Day": {
                        "type": [
                          "integer",
                          "null"
                        ]
                      },
                      "Recurring - Hour": {
                        "type": [
                          "integer",
                          "null"
                        ]
                      },
                      "Schedule": {
                        "type": "string"
                      },
                      "Status": {
                        "type": [
                          "string",
                          "null"
                        ]
                      },
                      "Unique identifier": {
                        "type": "string"
                      },
                      "Unit": {
                        "type": "string"
                      },
                      "AutomationId": {
                        "type": "string"
                      },
                      "Automation_Location": {
                        "type": "string"
                      },
                      "Automation_Technology": {
                        "type": [
                          "string",
                          "null"
                        ]
                      },
                      "Automation_Title": {
                        "type": "string"
                      },
                      "Automation_Type": {
                        "type": "string"
                      },
                      "Automation_Version": {
                        "type": "integer"
                      },
                      "Automation configurationId": {
                        "type": "string"
                      },
                      "Automation instanceId": {
                        "type": "string"
                      },
                      "Business solutionId": {
                        "type": "string"
                      },
                      "Business solution_Title": {
                        "type": "string"
                      },
                      "RunId": {
                        "type": "string"
                      }
                    },
                    "required": [
                      "Always run",
                      "Schedule",
                      "Unique identifier",
                      "Unit",
                      "AutomationId",
                      "Automation_Location",
                      "Automation_Title",
                      "Automation_Type",
                      "Automation_Version",
                      "Automation configurationId",
                      "Automation instanceId",
                      "Business solutionId",
                      "Business solution_Title",
                      "RunId"
                    ]
                  }
                }
              }
            },
            "Apply_to_each_-_Automation_instance_in_array": {
              "foreach": "@body('Parse_JSON_-_varAutomationInstances')",
              "actions": {
                "Parse_JSON_-_Record": {
                  "runAfter": {},
                  "metadata": {
                    "operationMetadataId": "a2fde720-6b7a-4ea6-ac89-824c56de9375"
                  },
                  "type": "ParseJson",
                  "inputs": {
                    "content": "@items('Apply_to_each_-_Automation_instance_in_array')",
                    "schema": {
                      "type": "object",
                      "properties": {
                        "Always run": {
                          "type": "boolean"
                        },
                        "Parameters": {
                          "type": [
                            "string",
                            "null"
                          ]
                        },
                        "Run at": {
                          "type": [
                            "string",
                            "null"
                          ]
                        },
                        "Recurring - Day": {
                          "type": [
                            "integer",
                            "null"
                          ]
                        },
                        "Recurring - Hour": {
                          "type": [
                            "integer",
                            "null"
                          ]
                        },
                        "Schedule": {
                          "type": "string"
                        },
                        "Status": {
                          "type": [
                            "string",
                            "null"
                          ]
                        },
                        "Unique identifier": {
                          "type": "string"
                        },
                        "Unit": {
                          "type": "string"
                        },
                        "Automation_ID": {
                          "type": "string"
                        },
                        "Automation_Location": {
                          "type": "string"
                        },
                        "Automation_Technology": {
                          "type": [
                            "string",
                            "null"
                          ]
                        },
                        "Automation_Title": {
                          "type": "string"
                        },
                        "Automation_Type": {
                          "type": "string"
                        },
                        "Automation_Version": {
                          "type": "integer"
                        },
                        "Automation configurationId": {
                          "type": "string"
                        },
                        "Automation instanceId": {
                          "type": "string"
                        },
                        "Business solutionId": {
                          "type": "string"
                        },
                        "Business solution_Title": {
                          "type": "string"
                        },
                        "RunId": {
                          "type": "string"
                        }
                      },
                      "required": [
                        "Always run",
                        "Schedule",
                        "Unique identifier",
                        "Unit",
                        "AutomationId",
                        "Automation_Location",
                        "Automation_Title",
                        "Automation_Type",
                        "Automation_Version",
                        "Automation configurationId",
                        "Automation instanceId",
                        "Business solutionId",
                        "Business solution_Title",
                        "RunId"
                      ]
                    }
                  }
                },
                "Switch_-_Recurring_-_Unit": {
                  "runAfter": {
                    "Set_variable_-_varExecute_-_Set_to_0": [
                      "Succeeded"
                    ]
                  },
                  "cases": {
                    "Case_-_Hour": {
                      "case": "Hour",
                      "actions": {
                        "Set_variable_-_Recurring_-_Hour_-_varExecute": {
                          "runAfter": {},
                          "metadata": {
                            "operationMetadataId": "a42d12ed-42ce-4442-a174-eba38b900d67"
                          },
                          "type": "SetVariable",
                          "inputs": {
                            "name": "varExecute",
                            "value": 1
                          }
                        }
                      }
                    },
                    "Case_-_Day": {
                      "case": "Day",
                      "actions": {
                        "Condition_-_Recurring_-_Day_-_Current_moment": {
                          "actions": {
                            "Set_variable_-_Recurring_-_Day_-_varExecute": {
                              "runAfter": {},
                              "metadata": {
                                "operationMetadataId": "3c9d4fd1-662f-4387-87da-5ba0dc8f2a8d"
                              },
                              "type": "SetVariable",
                              "inputs": {
                                "name": "varExecute",
                                "value": 1
                              }
                            }
                          },
                          "runAfter": {},
                          "else": {
                            "actions": {
                              "Condition_-_Recurring_-_Day_-_Always_run": {
                                "actions": {
                                  "Condition_-_Recurring_-_Day_-_Previous_run": {
                                    "actions": {},
                                    "runAfter": {
                                      "List_rows_-_Recurring_-_Day_-_Previous_run": [
                                        "Succeeded"
                                      ]
                                    },
                                    "else": {
                                      "actions": {
                                        "Set_variable_-_Recurring_-_Day_-_Previous_run_-_varExecute": {
                                          "runAfter": {},
                                          "metadata": {
                                            "operationMetadataId": "94a6f486-dace-499a-8fcd-5fe9e68ec95b"
                                          },
                                          "type": "SetVariable",
                                          "inputs": {
                                            "name": "varExecute",
                                            "value": 1
                                          }
                                        }
                                      }
                                    },
                                    "expression": {
                                      "and": [
                                        {
                                          "not": {
                                            "equals": [
                                              "@length(outputs('List_rows_-_Recurring_-_Day_-_Previous_run')?['body/value'])",
                                              0
                                            ]
                                          }
                                        }
                                      ]
                                    },
                                    "metadata": {
                                      "operationMetadataId": "4cb2ad7b-9959-47ad-9db2-38b1f9405328"
                                    },
                                    "type": "If"
                                  },
                                  "List_rows_-_Recurring_-_Day_-_Previous_run": {
                                    "runAfter": {},
                                    "metadata": {
                                      "operationMetadataId": "f1434b0a-3319-4e00-923c-fc6114737533"
                                    },
                                    "type": "OpenApiConnection",
                                    "inputs": {
                                      "host": {
                                        "connectionName": "shared_commondataserviceforapps",
                                        "operationId": "ListRecords",
                                        "apiId": "/providers/Microsoft.PowerApps/apis/shared_commondataserviceforapps"
                                      },
                                      "parameters": {
                                        "entityName": "faf_kkb_logs",
                                        "$filter": "(_faf_kkb_automationinstance_value eq '@{items('Apply_to_each_-_Automation_instance_in_array')['Unique identifier']}') and (faf_kkbbegin gt '@{addDays(outputs('Compose_-_utcnow'), -1)}')",
                                        "$top": 1
                                      },
                                      "authentication": "@parameters('$authentication')",
                                      "retryPolicy": {
                                        "type": "none"
                                      }
                                    }
                                  }
                                },
                                "runAfter": {},
                                "expression": {
                                  "equals": [
                                    "@items('Apply_to_each_-_Automation_instance_in_array')['Always run']",
                                    "@true"
                                  ]
                                },
                                "metadata": {
                                  "operationMetadataId": "d3ac3edf-91ec-42ff-bec9-1748f44b4e38"
                                },
                                "type": "If"
                              }
                            }
                          },
                          "expression": {
                            "equals": [
                              "@equals(string(outputs('Compose_-_Hour_-_utcnow')), string(items('Apply_to_each_-_Automation_instance_in_array')['Recurring - Hour']))",
                              "@true"
                            ]
                          },
                          "metadata": {
                            "operationMetadataId": "9016f932-452d-4bed-8daf-ccbdc9602474"
                          },
                          "type": "If"
                        }
                      }
                    },
                    "Case_-_Week": {
                      "case": "Week",
                      "actions": {
                        "Condition_-_Recurring_-_Week_-_Current_moment": {
                          "actions": {
                            "Set_variable_-_Recurring_-_Week_-_varExecute": {
                              "runAfter": {},
                              "metadata": {
                                "operationMetadataId": "50501a6a-4a95-4c82-b827-afe5c564dfc0"
                              },
                              "type": "SetVariable",
                              "inputs": {
                                "name": "varExecute",
                                "value": 1
                              }
                            }
                          },
                          "runAfter": {},
                          "else": {
                            "actions": {
                              "Condition_-_Recurring_-_Week_-_Always_run": {
                                "actions": {
                                  "Condition_-_Recurring_-_Week_-_Previous_run": {
                                    "actions": {},
                                    "runAfter": {
                                      "List_rows_-_Recurring_-_Week_-_Previous_run": [
                                        "Succeeded"
                                      ]
                                    },
                                    "else": {
                                      "actions": {
                                        "Set_variable_-_Recurring_-_Week_-_Previous_run_-_varExecute": {
                                          "runAfter": {},
                                          "metadata": {
                                            "operationMetadataId": "e3aa7aa3-0ba3-4e3f-b81a-ebe330db2093"
                                          },
                                          "type": "SetVariable",
                                          "inputs": {
                                            "name": "varExecute",
                                            "value": 1
                                          }
                                        }
                                      }
                                    },
                                    "expression": {
                                      "and": [
                                        {
                                          "not": {
                                            "equals": [
                                              "@length(outputs('List_rows_-_Recurring_-_Week_-_Previous_run')?['body/value'])",
                                              0
                                            ]
                                          }
                                        }
                                      ]
                                    },
                                    "metadata": {
                                      "operationMetadataId": "9532ebcc-a971-4679-a7d7-4d8f2acbe0bd"
                                    },
                                    "type": "If"
                                  },
                                  "List_rows_-_Recurring_-_Week_-_Previous_run": {
                                    "runAfter": {},
                                    "metadata": {
                                      "operationMetadataId": "f7de0a19-7dcc-405f-9777-b27c124d329d"
                                    },
                                    "type": "OpenApiConnection",
                                    "inputs": {
                                      "host": {
                                        "connectionName": "shared_commondataserviceforapps",
                                        "operationId": "ListRecords",
                                        "apiId": "/providers/Microsoft.PowerApps/apis/shared_commondataserviceforapps"
                                      },
                                      "parameters": {
                                        "entityName": "faf_kkb_logs",
                                        "$filter": "(_faf_kkb_automationinstance_value eq '@{items('Apply_to_each_-_Automation_instance_in_array')['Unique identifier']}') and (faf_kkbbegin gt '@{addDays(outputs('Compose_-_utcnow'), -7)}')",
                                        "$top": 1
                                      },
                                      "authentication": "@parameters('$authentication')",
                                      "retryPolicy": {
                                        "type": "none"
                                      }
                                    }
                                  }
                                },
                                "runAfter": {},
                                "expression": {
                                  "equals": [
                                    "@items('Apply_to_each_-_Automation_instance_in_array')['Always run']",
                                    "@true"
                                  ]
                                },
                                "metadata": {
                                  "operationMetadataId": "a5aaa5b0-b9ad-4073-a5b6-877cf2f48a34"
                                },
                                "type": "If"
                              }
                            }
                          },
                          "expression": {
                            "equals": [
                              "@and(equals(string(outputs('Compose_-_Hour_-_utcnow')), string(items('Apply_to_each_-_Automation_instance_in_array')['Recurring - Hour'])), equals(string(dayOfWeek(outputs('Compose_-_utcnow'))), string(items('Apply_to_each_-_Automation_instance_in_array')['Recurring - Day'])))",
                              "@true"
                            ]
                          },
                          "metadata": {
                            "operationMetadataId": "741123cd-3781-40fa-97ce-b44711314ba1"
                          },
                          "type": "If"
                        }
                      }
                    }
                  },
                  "default": {
                    "actions": {}
                  },
                  "expression": "@items('Apply_to_each_-_Automation_instance_in_array')['Unit']",
                  "metadata": {
                    "operationMetadataId": "d8aefa6e-785c-4d4f-bcdf-fc6e8d6789f9"
                  },
                  "type": "Switch"
                },
                "Set_variable_-_varExecute_-_Set_to_0": {
                  "runAfter": {
                    "Parse_JSON_-_Record": [
                      "Succeeded"
                    ]
                  },
                  "metadata": {
                    "operationMetadataId": "c8ac6d0f-c6e3-41f3-8120-41807770e403"
                  },
                  "type": "SetVariable",
                  "inputs": {
                    "name": "varExecute",
                    "value": 0
                  }
                },
                "Switch_-_varExecute": {
                  "runAfter": {
                    "Switch_-_Recurring_-_Unit": [
                      "Succeeded"
                    ]
                  },
                  "cases": {
                    "Case_-_0_(No)": {
                      "case": 0,
                      "actions": {}
                    },
                    "Case_-_1_(Yes)": {
                      "case": 1,
                      "actions": {
                        "Switch_-_Automation_Location": {
                          "runAfter": {
                            "Add_a_new_row_-_Console_log_record": [
                              "Succeeded"
                            ]
                          },
                          "cases": {
                            "Case_-_Internal": {
                              "case": "Internal",
                              "actions": {
                                "Condition_-_Automation_Technology_-_Dataverse": {
                                  "actions": {
                                    "Run_a_Child_Flow_-_Automation_Technology_-_Dataverse": {
                                      "runAfter": {},
                                      "metadata": {
                                        "operationMetadataId": "6621d785-3f37-49ab-8192-167f9eb1b54f"
                                      },
                                      "type": "Workflow",
                                      "inputs": {
                                        "host": {
                                          "workflowReferenceName": "4fd52347-38a7-ef11-b8e8-6045bda0688d"
                                        },
                                        "body": {
                                          "number": "@body('Parse_JSON_-_Record')?['Automation_Version']",
                                          "text": "@body('Parse_JSON_-_Record')?['Parameters']",
                                          "text_1": "@outputs('Add_a_new_row_-_Console_log_record')?['body/faf_kkb_logid']",
                                          "text_2": "@body('Parse_JSON_-_Record')?['Automation_Title']"
                                        },
                                        "retryPolicy": {
                                          "type": "none"
                                        }
                                      }
                                    }
                                  },
                                  "runAfter": {},
                                  "expression": {
                                    "equals": [
                                      "@items('Apply_to_each_-_Automation_instance_in_array')['Automation_Technology']",
                                      "Dataverse"
                                    ]
                                  },
                                  "metadata": {
                                    "operationMetadataId": "04935787-331c-4a5c-8272-3ac13a569ac3"
                                  },
                                  "type": "If"
                                },
                                "Condition_-_Automation_Technology_-_SharePoint": {
                                  "actions": {
                                    "Run_a_Child_Flow_-_Automation_Technology_-_SharePoint": {
                                      "runAfter": {},
                                      "metadata": {
                                        "operationMetadataId": "781c1d1a-8a23-457f-ade3-53c110817af4"
                                      },
                                      "type": "Workflow",
                                      "inputs": {
                                        "host": {
                                          "workflowReferenceName": "2680102f-38a7-ef11-b8e8-6045bda0688d"
                                        },
                                        "body": {
                                          "number": "@body('Parse_JSON_-_Record')?['Automation_Version']",
                                          "text": "@body('Parse_JSON_-_Record')?['Parameters']",
                                          "text_1": "@outputs('Add_a_new_row_-_Console_log_record')?['body/faf_kkb_logid']",
                                          "text_2": "@body('Parse_JSON_-_Record')?['Automation_Title']"
                                        },
                                        "retryPolicy": {
                                          "type": "none"
                                        }
                                      }
                                    }
                                  },
                                  "runAfter": {
                                    "Condition_-_Automation_Technology_-_Dataverse": [
                                      "Succeeded"
                                    ]
                                  },
                                  "expression": {
                                    "equals": [
                                      "@items('Apply_to_each_-_Automation_instance_in_array')['Automation_Technology']",
                                      "SharePoint"
                                    ]
                                  },
                                  "metadata": {
                                    "operationMetadataId": "9eb9f1e4-9f4a-4d9d-a4bb-612bc0d55f15"
                                  },
                                  "type": "If"
                                },
                                "Condition_-_Automation_Technology_-": {
                                  "actions": {
                                    "Run_a_Child_Flow_-_Automation_Technology_-": {
                                      "runAfter": {},
                                      "metadata": {
                                        "operationMetadataId": "781c1d1a-8a23-457f-ade3-53c110817af4"
                                      },
                                      "type": "Workflow",
                                      "inputs": {
                                        "host": {
                                          "workflowReferenceName": "cd3a8506-8eee-ef11-be20-6045bdded8b5"
                                        },
                                        "body": {
                                          "number": "@body('Parse_JSON_-_Record')?['Automation_Version']",
                                          "text_1": "@outputs('Add_a_new_row_-_Console_log_record')?['body/faf_kkb_logid']",
                                          "text_2": "@body('Parse_JSON_-_Record')?['Automation_Title']",
                                          "text": "@body('Parse_JSON_-_Record')?['Parameters']"
                                        },
                                        "retryPolicy": {
                                          "type": "none"
                                        }
                                      }
                                    }
                                  },
                                  "runAfter": {
                                    "Condition_-_Automation_Technology_-_SharePoint": [
                                      "Succeeded"
                                    ]
                                  },
                                  "expression": {
                                    "equals": [
                                      "@items('Apply_to_each_-_Automation_instance_in_array')['Automation_Technology']",
                                      "@null"
                                    ]
                                  },
                                  "metadata": {
                                    "operationMetadataId": "db2742d1-d5dd-485d-8069-aec38ec5bd48"
                                  },
                                  "type": "If"
                                }
                              }
                            },
                            "Case_-_External": {
                              "case": "External",
                              "actions": {
                                "Add_a_new_row_-_External": {
                                  "runAfter": {},
                                  "metadata": {
                                    "operationMetadataId": "a3fa1a3d-742c-42b9-90b3-2c10b7ae13a6"
                                  },
                                  "type": "OpenApiConnection",
                                  "inputs": {
                                    "host": {
                                      "connectionName": "shared_commondataserviceforapps",
                                      "operationId": "CreateRecord",
                                      "apiId": "/providers/Microsoft.PowerApps/apis/shared_commondataserviceforapps"
                                    },
                                    "parameters": {
                                      "entityName": "faf_kkb_addons",
                                      "item/faf_kkb_automation@odata.bind": "faf_kkb_automations/@{body('Parse_JSON_-_Record')?['AutomationId']}",
                                      "item/faf_kkb_automationinstance@odata.bind": "faf_kkb_automationinstances/@{body('Parse_JSON_-_Record')?['Automation instanceId']}",
                                      "item/faf_kkb_log@odata.bind": "faf_kkb_addons/@{outputs('Add_a_new_row_-_Console_log_record')?['body/faf_kkb_logid']}",
                                      "item/faf_kkbversion": "@body('Parse_JSON_-_Record')?['Automation_Version']",
                                      "item/faf_kkbinput": "@body('Parse_JSON_-_Record')?['Parameters']"
                                    },
                                    "authentication": "@parameters('$authentication')",
                                    "retryPolicy": {
                                      "type": "none"
                                    }
                                  }
                                }
                              }
                            }
                          },
                          "default": {
                            "actions": {}
                          },
                          "expression": "@body('Parse_JSON_-_Record')?['Automation_Location']",
                          "metadata": {
                            "operationMetadataId": "365108e0-7b0b-43e7-bb53-883b6471753a"
                          },
                          "type": "Switch"
                        },
                        "Add_a_new_row_-_Console_log_record": {
                          "runAfter": {},
                          "metadata": {
                            "operationMetadataId": "149a7270-2284-4185-9379-b500721490d3"
                          },
                          "type": "OpenApiConnection",
                          "inputs": {
                            "host": {
                              "connectionName": "shared_commondataserviceforapps",
                              "operationId": "CreateRecord",
                              "apiId": "/providers/Microsoft.PowerApps/apis/shared_commondataserviceforapps"
                            },
                            "parameters": {
                              "entityName": "faf_kkb_logs",
                              "item/faf_kkb_automation@odata.bind": "faf_kkb_automations/@{body('Parse_JSON_-_Record')?['AutomationId']}",
                              "item/faf_kkb_automationconfiguration@odata.bind": "faf_kkb_automationconfigurations/@{body('Parse_JSON_-_Record')?['Automation configurationId']}",
                              "item/faf_kkb_automationinstance@odata.bind": "faf_kkb_automationinstances/@{body('Parse_JSON_-_Record')?['Automation instanceId']}",
                              "item/faf_kkbbegin": "@utcNow()",
                              "item/faf_kkb_businesssolution@odata.bind": "faf_kkb_businesssolutions/@{body('Parse_JSON_-_Record')?['Business solutionId']}",
                              "item/faf_kkb_run@odata.bind": "faf_kkb_runs/@{body('Parse_JSON_-_Record')?['RunId']}",
                              "item/faf_kkbtype": "Console"
                            },
                            "authentication": "@parameters('$authentication')",
                            "retryPolicy": {
                              "type": "none"
                            }
                          }
                        }
                      }
                    }
                  },
                  "default": {
                    "actions": {}
                  },
                  "expression": "@variables('varExecute')",
                  "metadata": {
                    "operationMetadataId": "dc7398a7-e7d3-4fa4-92cf-1320abc252a6"
                  },
                  "type": "Switch"
                }
              },
              "runAfter": {
                "Parse_JSON_-_varAutomationInstances": [
                  "Succeeded"
                ]
              },
              "metadata": {
                "operationMetadataId": "be51b5b0-f065-48c9-a7e9-b7c76f88ad3a"
              },
              "type": "Foreach",
              "runtimeConfiguration": {
                "concurrency": {
                  "repetitions": 1
                }
              }
            }
          },
          "runAfter": {
            "Add_a_new_row_-_Run": [
              "Succeeded"
            ]
          },
          "metadata": {
            "operationMetadataId": "7a9c3a9f-3dbc-4471-922a-073057b1cee0"
          },
          "type": "Scope"
        },
        "Scope_-_Single": {
          "actions": {
            "Set_variable_-_Single_-_varAutomationInstances_-_Clear": {
              "runAfter": {},
              "metadata": {
                "operationMetadataId": "89996d09-014a-4072-91f2-24c2523254e8"
              },
              "type": "SetVariable",
              "inputs": {
                "name": "varAutomationInstances",
                "value": []
              }
            },
            "Parse_JSON_-_Single_-_varAutomationInstances": {
              "runAfter": {
                "Apply_to_each_-_Single_-_Active_automation_configuration": [
                  "Succeeded"
                ]
              },
              "metadata": {
                "operationMetadataId": "c7b1c328-0a76-4b97-9ee8-4e7c9a7fb022"
              },
              "type": "ParseJson",
              "inputs": {
                "content": "@variables('varAutomationInstances')",
                "schema": {
                  "type": "array",
                  "items": {
                    "type": "object",
                    "properties": {
                      "Always run": {
                        "type": "boolean"
                      },
                      "Parameters": {
                        "type": [
                          "string",
                          "null"
                        ]
                      },
                      "Run at": {
                        "type": [
                          "string",
                          "null"
                        ]
                      },
                      "Recurring - Day": {
                        "type": [
                          "integer",
                          "null"
                        ]
                      },
                      "Recurring - Hour": {
                        "type": [
                          "integer",
                          "null"
                        ]
                      },
                      "Schedule": {
                        "type": "string"
                      },
                      "Status": {
                        "type": "string"
                      },
                      "Unique identifier": {
                        "type": "string"
                      },
                      "Unit": {
                        "type": [
                          "string",
                          "null"
                        ]
                      },
                      "AutomationId": {
                        "type": "string"
                      },
                      "Automation_Location": {
                        "type": "string"
                      },
                      "Automation_Technology": {
                        "type": [
                          "string",
                          "null"
                        ]
                      },
                      "Automation_Title": {
                        "type": "string"
                      },
                      "Automation_Type": {
                        "type": "string"
                      },
                      "Automation_Version": {
                        "type": "integer"
                      },
                      "Automation configurationId": {
                        "type": "string"
                      },
                      "Automation instanceId": {
                        "type": "string"
                      },
                      "Business solution_ID": {
                        "type": "string"
                      },
                      "Business solution_Title": {
                        "type": "string"
                      },
                      "RunId": {
                        "type": "string"
                      }
                    },
                    "required": [
                      "Always run",
                      "Schedule",
                      "Status",
                      "Unique identifier",
                      "AutomationId",
                      "Automation_Location",
                      "Automation_Title",
                      "Automation_Type",
                      "Automation_Version",
                      "Automation configurationId",
                      "Automation instanceId",
                      "Business solutionId",
                      "Business solution_Title",
                      "RunId"
                    ]
                  }
                }
              }
            },
            "Apply_to_each_-_Single_-_Automation_instance_in_array": {
              "foreach": "@body('Parse_JSON_-_Single_-_varAutomationInstances')",
              "actions": {
                "Parse_JSON_-_Single_-_Record": {
                  "runAfter": {},
                  "metadata": {
                    "operationMetadataId": "5cc9f02d-230f-4568-9854-b0939936d55e"
                  },
                  "type": "ParseJson",
                  "inputs": {
                    "content": "@items('Apply_to_each_-_Single_-_Automation_instance_in_array')",
                    "schema": {
                      "type": "object",
                      "properties": {
                        "Always run": {
                          "type": "boolean"
                        },
                        "Parameters": {
                          "type": [
                            "string",
                            "null"
                          ]
                        },
                        "Run at": {
                          "type": [
                            "string",
                            "null"
                          ]
                        },
                        "Recurring - Day": {
                          "type": [
                            "integer",
                            "null"
                          ]
                        },
                        "Recurring - Hour": {
                          "type": [
                            "integer",
                            "null"
                          ]
                        },
                        "Schedule": {
                          "type": "string"
                        },
                        "Status": {
                          "type": "string"
                        },
                        "Unique identifier": {
                          "type": "string"
                        },
                        "Unit": {
                          "type": [
                            "string",
                            "null"
                          ]
                        },
                        "AutomationId": {
                          "type": "string"
                        },
                        "Automation_Location": {
                          "type": "string"
                        },
                        "Automation_Technology": {
                          "type": [
                            "string",
                            "null"
                          ]
                        },
                        "Automation_Title": {
                          "type": "string"
                        },
                        "Automation_Type": {
                          "type": "string"
                        },
                        "Automation_Version": {
                          "type": "integer"
                        },
                        "Automation configurationId": {
                          "type": "string"
                        },
                        "Automation instanceId": {
                          "type": "string"
                        },
                        "Business solutionId": {
                          "type": "string"
                        },
                        "Business solution_Title": {
                          "type": "string"
                        },
                        "RunId": {
                          "type": "string"
                        }
                      },
                      "required": [
                        "Always run",
                        "Schedule",
                        "Status",
                        "Unique identifier",
                        "AutomationId",
                        "Automation_Location",
                        "Automation_Title",
                        "Automation_Type",
                        "Automation_Version",
                        "Automation configurationId",
                        "Automation instanceId",
                        "Business solutionId",
                        "Business solution_Title",
                        "RunId"
                      ]
                    }
                  }
                },
                "Set_variable_-_Single_-_varExecute_-_Set_to_0": {
                  "runAfter": {
                    "Parse_JSON_-_Single_-_Record": [
                      "Succeeded"
                    ]
                  },
                  "metadata": {
                    "operationMetadataId": "c8ac6d0f-c6e3-41f3-8120-41807770e403"
                  },
                  "type": "SetVariable",
                  "inputs": {
                    "name": "varExecute",
                    "value": 0
                  }
                },
                "Condition_-_Single_-_Current_moment": {
                  "actions": {
                    "Set_variable_-_Single_-_varExecute_-_Run_now_-_Yes": {
                      "runAfter": {},
                      "metadata": {
                        "operationMetadataId": "aa91273d-f6d8-4d00-a137-dd9126bf58c7"
                      },
                      "type": "SetVariable",
                      "inputs": {
                        "name": "varExecute",
                        "value": 1
                      }
                    }
                  },
                  "runAfter": {
                    "Set_variable_-_Single_-_varExecute_-_Set_to_0": [
                      "Succeeded"
                    ]
                  },
                  "else": {
                    "actions": {
                      "Condition_-_Single_-_Always_run": {
                        "actions": {
                          "Set_variable_-_Single_-_varExecute_-_Run_now_-_No": {
                            "runAfter": {},
                            "metadata": {
                              "operationMetadataId": "a89fc497-853c-4d30-a854-d72b6b22c30e"
                            },
                            "type": "SetVariable",
                            "inputs": {
                              "name": "varExecute",
                              "value": 1
                            }
                          }
                        },
                        "runAfter": {},
                        "expression": {
                          "equals": [
                            "@items('Apply_to_each_-_Single_-_Automation_instance_in_array')['Always run']",
                            "@true"
                          ]
                        },
                        "metadata": {
                          "operationMetadataId": "994f5569-5737-46c9-89e3-699f5acddd84"
                        },
                        "type": "If"
                      }
                    }
                  },
                  "expression": {
                    "and": [
                      {
                        "equals": [
                          "@string(outputs('Compose_-_Day_-_utcnow'))",
                          "@string(formatDateTime(items('Apply_to_each_-_Single_-_Automation_instance_in_array')['Run at'], 'yyyy-MM-dd'))"
                        ]
                      },
                      {
                        "equals": [
                          "@string(outputs('Compose_-_Hour_-_utcnow'))",
                          "@string(items('Apply_to_each_-_Single_-_Automation_instance_in_array')['Recurring - Hour'])"
                        ]
                      }
                    ]
                  },
                  "metadata": {
                    "operationMetadataId": "0c0f267f-5940-4ac9-8506-f03c493d4f6c"
                  },
                  "type": "If"
                },
                "Switch_-_Single_-_varExecute": {
                  "runAfter": {
                    "Condition_-_Single_-_Current_moment": [
                      "Succeeded"
                    ]
                  },
                  "cases": {
                    "Case_-_0_(No)": {
                      "case": 0,
                      "actions": {
                        "Update_a_row_-_Single_-_Automation_instance_-_0": {
                          "runAfter": {},
                          "metadata": {
                            "operationMetadataId": "faf59e63-54f0-43fe-8580-384bed19ca99"
                          },
                          "type": "OpenApiConnection",
                          "inputs": {
                            "host": {
                              "connectionName": "shared_commondataserviceforapps",
                              "operationId": "UpdateOnlyRecord",
                              "apiId": "/providers/Microsoft.PowerApps/apis/shared_commondataserviceforapps"
                            },
                            "parameters": {
                              "entityName": "faf_kkb_automationinstances",
                              "recordId": "@body('Parse_JSON_-_Single_-_Record')?['Unique identifier']",
                              "item/faf_kkbstatus": "Disabled"
                            },
                            "authentication": "@parameters('$authentication')",
                            "retryPolicy": {
                              "type": "none"
                            }
                          }
                        }
                      }
                    },
                    "Case_-_1_(Yes)": {
                      "case": 1,
                      "actions": {
                        "Switch_-_Single_-_Automation_Location": {
                          "runAfter": {
                            "Update_a_row_-_Single_-_Automation_instance": [
                              "Succeeded"
                            ]
                          },
                          "cases": {
                            "Case_-_Internal": {
                              "case": "Internal",
                              "actions": {
                                "Condition_-_Single_-_Automation_Technology_-_Dataverse": {
                                  "actions": {
                                    "Run_a_Child_Flow_-_Single_-_Automation_Technology_-_Dataverse": {
                                      "runAfter": {},
                                      "metadata": {
                                        "operationMetadataId": "ae1baccf-f2c2-4040-a6b4-4393712a9ae9"
                                      },
                                      "type": "Workflow",
                                      "inputs": {
                                        "host": {
                                          "workflowReferenceName": "4fd52347-38a7-ef11-b8e8-6045bda0688d"
                                        },
                                        "body": {
                                          "number": "@items('Apply_to_each_-_Single_-_Automation_instance_in_array')['Automation_Version']",
                                          "text": "@body('Parse_JSON_-_Single_-_Record')?['Parameters']",
                                          "text_1": "@outputs('Add_a_new_row_-_Single_-_Console_log_record')?['body/faf_kkb_logid']",
                                          "text_2": "@items('Apply_to_each_-_Single_-_Automation_instance_in_array')['Automation_Title']"
                                        },
                                        "retryPolicy": {
                                          "type": "none"
                                        }
                                      }
                                    }
                                  },
                                  "runAfter": {},
                                  "expression": {
                                    "equals": [
                                      "@items('Apply_to_each_-_Single_-_Automation_instance_in_array')['Automation_Technology']",
                                      "Dataverse"
                                    ]
                                  },
                                  "metadata": {
                                    "operationMetadataId": "6c0969a9-6fbc-4edb-a276-a99d21fed9b8"
                                  },
                                  "type": "If"
                                },
                                "Condition_-_Single_-_Automation_Technology_-_SharePoint": {
                                  "actions": {
                                    "Run_a_Child_Flow_-_Single_-_Automation_Technology_-_SharePoint": {
                                      "runAfter": {},
                                      "metadata": {
                                        "operationMetadataId": "d635df71-8f50-49a4-8bd0-5eb6a0d8515f"
                                      },
                                      "type": "Workflow",
                                      "inputs": {
                                        "host": {
                                          "workflowReferenceName": "2680102f-38a7-ef11-b8e8-6045bda0688d"
                                        },
                                        "body": {
                                          "number": "@items('Apply_to_each_-_Single_-_Automation_instance_in_array')['Automation_Version']",
                                          "text": "@body('Parse_JSON_-_Single_-_Record')?['Parameters']",
                                          "text_1": "@outputs('Add_a_new_row_-_Single_-_Console_log_record')?['body/faf_kkb_logid']",
                                          "text_2": "@items('Apply_to_each_-_Single_-_Automation_instance_in_array')['Automation_Title']"
                                        },
                                        "retryPolicy": {
                                          "type": "none"
                                        }
                                      }
                                    }
                                  },
                                  "runAfter": {
                                    "Condition_-_Single_-_Automation_Technology_-_Dataverse": [
                                      "Succeeded"
                                    ]
                                  },
                                  "expression": {
                                    "equals": [
                                      "@items('Apply_to_each_-_Single_-_Automation_instance_in_array')['Automation_Technology']",
                                      "SharePoint"
                                    ]
                                  },
                                  "metadata": {
                                    "operationMetadataId": "9ae7040b-4958-42a3-ad39-f5211c88b4bb"
                                  },
                                  "type": "If"
                                },
                                "Condition_-_Single_-_Automation_Technology_-": {
                                  "actions": {
                                    "Run_a_Child_Flow_-_Single_-_Automation_Technology_-": {
                                      "runAfter": {},
                                      "metadata": {
                                        "operationMetadataId": "d635df71-8f50-49a4-8bd0-5eb6a0d8515f"
                                      },
                                      "type": "Workflow",
                                      "inputs": {
                                        "host": {
                                          "workflowReferenceName": "cd3a8506-8eee-ef11-be20-6045bdded8b5"
                                        },
                                        "body": {
                                          "number": "@items('Apply_to_each_-_Single_-_Automation_instance_in_array')['Automation_Version']",
                                          "text_1": "@outputs('Add_a_new_row_-_Single_-_Console_log_record')?['body/faf_kkb_logid']",
                                          "text_2": "@items('Apply_to_each_-_Single_-_Automation_instance_in_array')['Automation_Title']",
                                          "text": "@body('Parse_JSON_-_Single_-_Record')?['Parameters']"
                                        },
                                        "retryPolicy": {
                                          "type": "none"
                                        }
                                      }
                                    }
                                  },
                                  "runAfter": {
                                    "Condition_-_Single_-_Automation_Technology_-_SharePoint": [
                                      "Succeeded"
                                    ]
                                  },
                                  "expression": {
                                    "equals": [
                                      "@items('Apply_to_each_-_Single_-_Automation_instance_in_array')['Automation_Technology']",
                                      "@null"
                                    ]
                                  },
                                  "metadata": {
                                    "operationMetadataId": "2d9e16e3-dc83-4841-80aa-ff43b140c770"
                                  },
                                  "type": "If"
                                }
                              }
                            },
                            "Case_-_External": {
                              "case": "External",
                              "actions": {
                                "Add_a_new_row_-_Single_-_External": {
                                  "runAfter": {},
                                  "metadata": {
                                    "operationMetadataId": "d21f585d-3863-4147-83ea-a330642b920c"
                                  },
                                  "type": "OpenApiConnection",
                                  "inputs": {
                                    "host": {
                                      "connectionName": "shared_commondataserviceforapps",
                                      "operationId": "CreateRecord",
                                      "apiId": "/providers/Microsoft.PowerApps/apis/shared_commondataserviceforapps"
                                    },
                                    "parameters": {
                                      "entityName": "faf_kkb_addons",
                                      "item/faf_kkb_automation@odata.bind": "faf_kkb_automations/@{body('Parse_JSON_-_Single_-_Record')?['AutomationId']}",
                                      "item/faf_kkb_automationinstance@odata.bind": "faf_kkb_automationinstances/@{body('Parse_JSON_-_Single_-_Record')?['Automation instanceId']}",
                                      "item/faf_kkb_log@odata.bind": "faf_kkb_addons/@{outputs('Add_a_new_row_-_Single_-_Console_log_record')?['body/faf_kkb_logid']}",
                                      "item/faf_kkbversion": "@body('Parse_JSON_-_Single_-_Record')?['Automation_Version']",
                                      "item/faf_kkbinput": "@body('Parse_JSON_-_Single_-_Record')?['Parameters']"
                                    },
                                    "authentication": "@parameters('$authentication')",
                                    "retryPolicy": {
                                      "type": "none"
                                    }
                                  }
                                }
                              }
                            }
                          },
                          "default": {
                            "actions": {}
                          },
                          "expression": "@body('Parse_JSON_-_Single_-_Record')?['Automation_Location']",
                          "metadata": {
                            "operationMetadataId": "982c94b8-9f8f-41e8-8a87-50ef4451836c"
                          },
                          "type": "Switch"
                        },
                        "Update_a_row_-_Single_-_Automation_instance": {
                          "runAfter": {
                            "Add_a_new_row_-_Single_-_Console_log_record": [
                              "Succeeded"
                            ]
                          },
                          "metadata": {
                            "operationMetadataId": "6f1da240-f83d-4927-bb08-0b09ba61576e"
                          },
                          "type": "OpenApiConnection",
                          "inputs": {
                            "host": {
                              "connectionName": "shared_commondataserviceforapps",
                              "operationId": "UpdateOnlyRecord",
                              "apiId": "/providers/Microsoft.PowerApps/apis/shared_commondataserviceforapps"
                            },
                            "parameters": {
                              "entityName": "faf_kkb_automationinstances",
                              "recordId": "@body('Parse_JSON_-_Single_-_Record')?['Unique identifier']",
                              "item/faf_kkbstatus": "Running"
                            },
                            "authentication": "@parameters('$authentication')",
                            "retryPolicy": {
                              "type": "none"
                            }
                          }
                        },
                        "Add_a_new_row_-_Single_-_Console_log_record": {
                          "runAfter": {},
                          "metadata": {
                            "operationMetadataId": "50e6b4c9-ea8f-4599-be4c-5a74c3e56a80"
                          },
                          "type": "OpenApiConnection",
                          "inputs": {
                            "host": {
                              "connectionName": "shared_commondataserviceforapps",
                              "operationId": "CreateRecord",
                              "apiId": "/providers/Microsoft.PowerApps/apis/shared_commondataserviceforapps"
                            },
                            "parameters": {
                              "entityName": "faf_kkb_logs",
                              "item/faf_kkb_automation@odata.bind": "faf_kkb_automations/@{body('Parse_JSON_-_Single_-_Record')?['AutomationId']}",
                              "item/faf_kkb_automationconfiguration@odata.bind": "faf_kkb_automationconfigurations/@{body('Parse_JSON_-_Single_-_Record')?['Automation configurationId']}",
                              "item/faf_kkb_automationinstance@odata.bind": "faf_kkb_automationinstances/@{body('Parse_JSON_-_Single_-_Record')?['Automation instanceId']}",
                              "item/faf_kkbbegin": "@utcNow()",
                              "item/faf_kkb_businesssolution@odata.bind": "faf_kkb_businesssolutions/@{body('Parse_JSON_-_Single_-_Record')?['Business solutionId']}",
                              "item/faf_kkb_run@odata.bind": "faf_kkb_runs/@{body('Parse_JSON_-_Single_-_Record')?['RunId']}",
                              "item/faf_kkbtype": "Console"
                            },
                            "authentication": "@parameters('$authentication')",
                            "retryPolicy": {
                              "type": "none"
                            }
                          }
                        }
                      }
                    }
                  },
                  "default": {
                    "actions": {}
                  },
                  "expression": "@variables('varExecute')",
                  "metadata": {
                    "operationMetadataId": "aca51928-9a34-466b-865c-c0b0ccdd06b1"
                  },
                  "type": "Switch"
                }
              },
              "runAfter": {
                "Parse_JSON_-_Single_-_varAutomationInstances": [
                  "Succeeded"
                ]
              },
              "metadata": {
                "operationMetadataId": "c25bbbb4-5853-4588-bf9b-b8da83bffef2"
              },
              "type": "Foreach",
              "runtimeConfiguration": {
                "concurrency": {
                  "repetitions": 1
                }
              }
            },
            "List_rows_-_Single_-_All_active_automation_configurations": {
              "runAfter": {
                "Set_variable_-_Single_-_varAutomationInstances_-_Clear": [
                  "Succeeded"
                ]
              },
              "metadata": {
                "operationMetadataId": "81d92d38-c32a-4ef2-a6df-baa18f33c750"
              },
              "type": "OpenApiConnection",
              "inputs": {
                "host": {
                  "connectionName": "shared_commondataserviceforapps",
                  "operationId": "ListRecords",
                  "apiId": "/providers/Microsoft.PowerApps/apis/shared_commondataserviceforapps"
                },
                "parameters": {
                  "entityName": "faf_kkb_businesssolutions",
                  "$select": "faf_kkbactiveautomationconfiguration",
                  "$filter": "faf_kkbactiveautomationconfiguration ne null",
                  "$expand": "faf_kkbactiveautomationconfiguration"
                },
                "authentication": "@parameters('$authentication')",
                "retryPolicy": {
                  "type": "none"
                }
              }
            },
            "Apply_to_each_-_Single_-_Active_automation_configuration": {
              "foreach": "@outputs('List_rows_-_Single_-_All_active_automation_configurations')?['body/value']",
              "actions": {
                "List_rows_-_Single_-_Automation_instances": {
                  "runAfter": {},
                  "metadata": {
                    "operationMetadataId": "e1615c34-dee7-4682-ba5e-bcfcbf251b2e"
                  },
                  "type": "OpenApiConnection",
                  "inputs": {
                    "host": {
                      "connectionName": "shared_commondataserviceforapps",
                      "operationId": "ListRecords",
                      "apiId": "/providers/Microsoft.PowerApps/apis/shared_commondataserviceforapps"
                    },
                    "parameters": {
                      "entityName": "faf_kkb_automationinstances",
                      "$filter": "(_faf_kkb_automationconfiguration_value eq '@{items('Apply_to_each_-_Single_-_Active_automation_configuration')?['faf_kkbactiveautomationconfiguration/faf_kkb_automationconfigurationid']}') and (faf_kkbschedule eq 'Single') and (faf_kkbstatus eq 'Scheduled')",
                      "$expand": "faf_kkb_automation, faf_kkb_automationconfiguration, faf_kkb_businesssolution"
                    },
                    "authentication": "@parameters('$authentication')",
                    "retryPolicy": {
                      "type": "none"
                    }
                  }
                },
                "Apply_to_each_-_Single_-_Automation_instance": {
                  "foreach": "@outputs('List_rows_-_Single_-_Automation_instances')?['body/value']",
                  "actions": {
                    "Condition_-_Single_-_Scheduled_in_past": {
                      "actions": {
                        "Append_to_array_variable_-_Single_-_varAutomationInstances": {
                          "runAfter": {},
                          "metadata": {
                            "operationMetadataId": "99a5b11e-814c-4efa-8b27-7bd483e9e8d8"
                          },
                          "type": "AppendToArrayVariable",
                          "inputs": {
                            "name": "varAutomationInstances",
                            "value": {
                              "Always run": "@items('Apply_to_each_-_Single_-_Automation_instance')?['faf_kkbalwaysrun']",
                              "Automation instanceId": "@items('Apply_to_each_-_Single_-_Automation_instance')?['faf_kkb_automationinstanceId']",
                              "Parameters": "@items('Apply_to_each_-_Single_-_Automation_instance')?['faf_kkbparameters']",
                              "Recurring - Day": "@items('Apply_to_each_-_Single_-_Automation_instance')?['faf_kkbrecurringday']",
                              "Recurring - Hour": "@items('Apply_to_each_-_Single_-_Automation_instance')?['faf_kkbrecurringhour']",
                              "Run at": "@items('Apply_to_each_-_Single_-_Automation_instance')?['faf_kkbrunat']",
                              "Schedule": "@items('Apply_to_each_-_Single_-_Automation_instance')?['faf_kkbschedule']",
                              "Status": "@items('Apply_to_each_-_Single_-_Automation_instance')?['faf_kkbstatus']",
                              "Unique identifier": "@items('Apply_to_each_-_Single_-_Automation_instance')?['faf_kkb_automationinstanceId']",
                              "Unit": "@items('Apply_to_each_-_Single_-_Automation_instance')?['faf_kkbunit']",
                              "AutomationId": "@items('Apply_to_each_-_Single_-_Automation_instance')?['faf_kkb_automation/faf_kkb_automationId']",
                              "Automation_Location": "@items('Apply_to_each_-_Single_-_Automation_instance')?['faf_kkb_automation/faf_kkblocation']",
                              "Automation_Technology": "@items('Apply_to_each_-_Single_-_Automation_instance')?['faf_kkb_automation/faf_kkbtechnology']",
                              "Automation_Title": "@items('Apply_to_each_-_Single_-_Automation_instance')?['faf_kkb_automation/faf_kkbtitle']",
                              "Automation_Type": "@items('Apply_to_each_-_Single_-_Automation_instance')?['faf_kkb_automation/faf_kkbtype']",
                              "Automation_Version": "@items('Apply_to_each_-_Single_-_Automation_instance')?['faf_kkb_automation/faf_kkbversion']",
                              "Automation configurationId": "@items('Apply_to_each_-_Single_-_Automation_instance')?['faf_kkb_automationconfiguration/faf_kkb_automationconfigurationId']",
                              "Business solutionId": "@items('Apply_to_each_-_Single_-_Automation_instance')?['faf_kkb_businesssolution/faf_kkb_businesssolutionId']",
                              "Business solution_Title": "@items('Apply_to_each_-_Single_-_Automation_instance')?['faf_kkb_businesssolution/faf_kkbtitle']",
                              "RunId": "@outputs('Add_a_new_row_-_Run')?['body/faf_kkb_runid']"
                            }
                          }
                        }
                      },
                      "runAfter": {},
                      "expression": {
                        "less": [
                          "@addHours(formatDateTime(items('Apply_to_each_-_Single_-_Automation_instance')?['faf_kkbrunat'], 'yyyy-MM-dd'), items('Apply_to_each_-_Single_-_Automation_instance')?['faf_kkbrecurringhour'])",
                          "@outputs('Compose_-_utcnow')"
                        ]
                      },
                      "metadata": {
                        "operationMetadataId": "1ef56ff9-cc0e-4b40-a198-332980453977"
                      },
                      "type": "If"
                    }
                  },
                  "runAfter": {
                    "List_rows_-_Single_-_Automation_instances": [
                      "Succeeded"
                    ]
                  },
                  "metadata": {
                    "operationMetadataId": "8f6369dc-b001-4f51-ad2b-fa3677e63b75"
                  },
                  "type": "Foreach",
                  "runtimeConfiguration": {
                    "concurrency": {
                      "repetitions": 50
                    }
                  }
                }
              },
              "runAfter": {
                "List_rows_-_Single_-_All_active_automation_configurations": [
                  "Succeeded"
                ]
              },
              "metadata": {
                "operationMetadataId": "32278078-efe2-48b9-b39e-0337b4e50d3c"
              },
              "type": "Foreach",
              "runtimeConfiguration": {
                "concurrency": {
                  "repetitions": 50
                }
              }
            }
          },
          "runAfter": {
            "Scope_-_Recurring": [
              "Succeeded"
            ]
          },
          "metadata": {
            "operationMetadataId": "21318a48-3b9e-4cb3-8472-9c04287fcbf3"
          },
          "type": "Scope"
        },
        "Compose_-_utcnow": {
          "runAfter": {
            "Compose_-_Session": [
              "Succeeded"
            ]
          },
          "metadata": {
            "operationMetadataId": "9455c242-288e-450b-bd3b-27ce4781c125"
          },
          "type": "Compose",
          "inputs": "@utcnow()"
        },
        "List_rows_-_Settings": {
          "runAfter": {
            "Initialize_variable_-_varMaintenanceMode": [
              "Succeeded"
            ]
          },
          "metadata": {
            "operationMetadataId": "c65575cc-0408-4e2e-8494-9ebec6a4e33d"
          },
          "type": "OpenApiConnection",
          "inputs": {
            "host": {
              "connectionName": "shared_commondataserviceforapps",
              "operationId": "ListRecords",
              "apiId": "/providers/Microsoft.PowerApps/apis/shared_commondataserviceforapps"
            },
            "parameters": {
              "entityName": "faf_kkb_settings",
              "$filter": "statecode eq 0"
            },
            "authentication": "@parameters('$authentication')",
            "retryPolicy": {
              "type": "none"
            }
          }
        },
        "Apply_to_each_-_Setting": {
          "foreach": "@outputs('List_rows_-_Settings')?['body/value']",
          "actions": {
            "Condition_-_Maintenance": {
              "actions": {
                "Condition_-_Maintenance_mode": {
                  "actions": {
                    "Set_variable_-_varMaintenanceMode": {
                      "runAfter": {},
                      "metadata": {
                        "operationMetadataId": "fdbe13fa-b687-4f96-bc99-ed4e53772252"
                      },
                      "type": "SetVariable",
                      "inputs": {
                        "name": "varMaintenanceMode",
                        "value": "@true"
                      }
                    }
                  },
                  "runAfter": {},
                  "expression": {
                    "not": {
                      "equals": [
                        "@items('Apply_to_each_-_Setting')?['faf_kkbslot']",
                        "No"
                      ]
                    }
                  },
                  "metadata": {
                    "operationMetadataId": "e52381a2-7681-4e27-a7eb-a3a4975f8c0a"
                  },
                  "type": "If"
                }
              },
              "runAfter": {},
              "expression": {
                "equals": [
                  "@items('Apply_to_each_-_Setting')?['faf_kkbtitle']",
                  "Maintenance"
                ]
              },
              "metadata": {
                "operationMetadataId": "acf08929-6eb8-45ce-a958-6547b61cbed4"
              },
              "type": "If"
            }
          },
          "runAfter": {
            "Condition_-_No_settings__-_Terminate": [
              "Succeeded"
            ]
          },
          "metadata": {
            "operationMetadataId": "b3ccde7d-cfcc-431c-957f-5e910e6085c9"
          },
          "type": "Foreach"
        },
        "Add_a_new_row_-_Run": {
          "runAfter": {
            "Compose_-_Hour_-_utcnow": [
              "Succeeded"
            ]
          },
          "metadata": {
            "operationMetadataId": "366114d3-b6f8-4fca-b4f1-a42ab73a4f6b"
          },
          "type": "OpenApiConnection",
          "inputs": {
            "host": {
              "connectionName": "shared_commondataserviceforapps",
              "operationId": "CreateRecord",
              "apiId": "/providers/Microsoft.PowerApps/apis/shared_commondataserviceforapps"
            },
            "parameters": {
              "entityName": "faf_kkb_runs",
              "item/faf_kkbbegin": "@utcNow()",
              "item/faf_kkbchecked": "No",
              "item/faf_kkbsession": "@outputs('Compose_-_Session')"
            },
            "authentication": "@parameters('$authentication')",
            "retryPolicy": {
              "type": "none"
            }
          }
        },
        "Initialize_variable_-_varMaintenanceMode": {
          "runAfter": {},
          "metadata": {
            "operationMetadataId": "47366440-0307-457f-9ae1-f2936289af10"
          },
          "type": "InitializeVariable",
          "inputs": {
            "variables": [
              {
                "name": "varMaintenanceMode",
                "type": "boolean",
                "value": "@false"
              }
            ]
          }
        },
        "Condition_-_Maintenance_mode_-_Terminate": {
          "actions": {
            "Terminate_-_Maintenance_mode": {
              "runAfter": {},
              "metadata": {
                "operationMetadataId": "e74ed559-f8ef-41b6-83b8-7cec5fcd4fc3"
              },
              "type": "Terminate",
              "inputs": {
                "runStatus": "Succeeded"
              }
            }
          },
          "runAfter": {
            "Apply_to_each_-_Setting": [
              "Succeeded"
            ]
          },
          "expression": {
            "equals": [
              "@variables('varMaintenanceMode')",
              "@true"
            ]
          },
          "metadata": {
            "operationMetadataId": "4365829b-8549-4b66-b85a-5236f973d4a1"
          },
          "type": "If"
        },
        "Update_a_row_-_Run": {
          "runAfter": {
            "List_rows_-_Console_log_records_in_this_session": [
              "Succeeded"
            ]
          },
          "metadata": {
            "operationMetadataId": "96176eff-6d43-4c86-917f-08a9014728a3"
          },
          "type": "OpenApiConnection",
          "inputs": {
            "host": {
              "connectionName": "shared_commondataserviceforapps",
              "operationId": "UpdateOnlyRecord",
              "apiId": "/providers/Microsoft.PowerApps/apis/shared_commondataserviceforapps"
            },
            "parameters": {
              "entityName": "faf_kkb_runs",
              "recordId": "@outputs('Add_a_new_row_-_Run')?['body/faf_kkb_runid']",
              "item/faf_kkbend": "@utcNow()",
              "item/faf_kkbtotal": "@length(outputs('List_rows_-_Console_log_records_in_this_session')?['body/value'])"
            },
            "authentication": "@parameters('$authentication')",
            "retryPolicy": {
              "type": "none"
            }
          }
        },
        "List_rows_-_Console_log_records_in_this_session": {
          "runAfter": {
            "Scope_-_Single": [
              "Succeeded"
            ]
          },
          "metadata": {
            "operationMetadataId": "e2da4c81-a10c-437f-bc62-cc248336540b"
          },
          "type": "OpenApiConnection",
          "inputs": {
            "host": {
              "connectionName": "shared_commondataserviceforapps",
              "operationId": "ListRecords",
              "apiId": "/providers/Microsoft.PowerApps/apis/shared_commondataserviceforapps"
            },
            "parameters": {
              "entityName": "faf_kkb_logs",
              "$filter": "(faf_kkbtype eq 'Console') and (_faf_kkb_run_value eq '@{outputs('Add_a_new_row_-_Run')?['body/faf_kkb_runid']}')"
            },
            "authentication": "@parameters('$authentication')"
          }
        },
        "List_rows_-_Runs_not_processed": {
          "runAfter": {
            "Condition_-_Maintenance_mode_-_Terminate": [
              "Succeeded"
            ]
          },
          "metadata": {
            "operationMetadataId": "b4a3a1ac-3552-4a7a-a210-ab0318190e29"
          },
          "type": "OpenApiConnection",
          "inputs": {
            "host": {
              "connectionName": "shared_commondataserviceforapps",
              "operationId": "ListRecords",
              "apiId": "/providers/Microsoft.PowerApps/apis/shared_commondataserviceforapps"
            },
            "parameters": {
              "entityName": "faf_kkb_runs",
              "$filter": "faf_kkbprocessing eq null"
            },
            "authentication": "@parameters('$authentication')"
          }
        },
        "Apply_to_each_-_Run_not_processed": {
          "foreach": "@outputs('List_rows_-_Runs_not_processed')?['body/value']",
          "actions": {
            "Compose": {
              "runAfter": {},
              "metadata": {
                "operationMetadataId": "e9cda957-97b1-429e-9ebc-87c42a123d9a"
              },
              "type": "Compose",
              "inputs": "faf_kkb_run/@{items('Apply_to_each_-_Run_not_processed')?['faf_kkb_runid']}"
            },
            "Add_a_new_row": {
              "runAfter": {
                "Compose": [
                  "Succeeded"
                ]
              },
              "metadata": {
                "operationMetadataId": "362bba3b-88ed-4f1f-92b2-922143aaf29e"
              },
              "type": "OpenApiConnection",
              "inputs": {
                "host": {
                  "connectionName": "shared_commondataserviceforapps",
                  "operationId": "CreateRecord",
                  "apiId": "/providers/Microsoft.PowerApps/apis/shared_commondataserviceforapps"
                },
                "parameters": {
                  "entityName": "faf_kkb_runprocessings",
                  "item/faf_kkbprogress": "New",
                  "item/faf_kkb_run@odata.bind": "faf_kkb_runs/@{items('Apply_to_each_-_Run_not_processed')?['faf_kkb_runid']}"
                },
                "authentication": "@parameters('$authentication')"
              }
            }
          },
          "runAfter": {
            "List_rows_-_Runs_not_processed": [
              "Succeeded"
            ]
          },
          "metadata": {
            "operationMetadataId": "f86bc73e-be1b-41ff-b338-ce50bef5a5f0"
          },
          "type": "Foreach"
        },
        "Condition_-_No_settings__-_Terminate": {
          "actions": {
            "Terminate_-_No_settings": {
              "runAfter": {},
              "metadata": {
                "operationMetadataId": "e74ed559-f8ef-41b6-83b8-7cec5fcd4fc3"
              },
              "type": "Terminate",
              "inputs": {
                "runStatus": "Succeeded"
              }
            }
          },
          "runAfter": {
            "List_rows_-_Settings": [
              "Succeeded"
            ]
          },
          "expression": {
            "equals": [
              "@length(outputs('List_rows_-_Settings')?['body/value'])",
              0
            ]
          },
          "metadata": {
            "operationMetadataId": "4365829b-8549-4b66-b85a-5236f973d4a1"
          },
          "type": "If"
        },
        "Compose_-_Day_-_utcnow": {
          "runAfter": {
            "Compose_-_utcnow": [
              "Succeeded"
            ]
          },
          "metadata": {
            "operationMetadataId": "b59cf86a-89b1-4867-85f6-dfb4bf3702ce"
          },
          "type": "Compose",
          "inputs": "@formatDateTime(outputs('Compose_-_utcnow'), 'yyyy-MM-dd')"
        },
        "Compose_-_Hour_-_utcnow": {
          "runAfter": {
            "Compose_-_Day_-_utcnow": [
              "Succeeded"
            ]
          },
          "metadata": {
            "operationMetadataId": "b59cf86a-89b1-4867-85f6-dfb4bf3702ce"
          },
          "type": "Compose",
          "inputs": "@int(formatDateTime(outputs('Compose_-_utcnow'), 'HH'))"
        }
      }
    },
    "templateName": ""
  },
  "schemaVersion": "1.0.0.0"
}