{
  "properties": {
    "connectionReferences": {
      "shared_commondataserviceforapps": {
        "runtimeSource": "embedded",
        "connection": {
          "connectionReferenceLogicalName": "faf_KookaburraDataverse"
        },
        "api": {
          "name": "shared_commondataserviceforapps"
        }
      }
    },
    "definition": {
      "$schema": "https://schema.management.azure.com/providers/Microsoft.Logic/schemas/2016-06-01/workflowdefinition.json#",
      "contentVersion": "1.0.0.0",
      "parameters": {
        "$connections": {
          "defaultValue": {},
          "type": "Object"
        },
        "$authentication": {
          "defaultValue": {},
          "type": "SecureObject"
        }
      },
      "triggers": {
        "When_a_row_is_added,_modified_or_deleted": {
          "metadata": {
            "operationMetadataId": "37c2b379-7399-4ff4-ae86-bcc74139b2e4"
          },
          "type": "OpenApiConnectionWebhook",
          "inputs": {
            "host": {
              "connectionName": "shared_commondataserviceforapps",
              "operationId": "SubscribeWebhookTrigger",
              "apiId": "/providers/Microsoft.PowerApps/apis/shared_commondataserviceforapps"
            },
            "parameters": {
              "subscriptionRequest/message": 1,
              "subscriptionRequest/entityname": "faf_kkb_addon",
              "subscriptionRequest/scope": 4
            },
            "authentication": "@parameters('$authentication')"
          }
        }
      },
      "actions": {
        "Condition_-_One": {
          "actions": {
            "Run_a_Child_Flow_-_One": {
              "runAfter": {},
              "metadata": {
                "operationMetadataId": "d8b8b289-45b0-4da8-abb9-394ad41d00a1"
              },
              "type": "Workflow",
              "inputs": {
                "host": {
                  "workflowReferenceName": "d32f9c03-7bc0-ef11-b8e8-6045bd9489cd"
                },
                "body": {
                  "number": "@outputs('Get_a_row_by_ID_-_Automation')?['body/faf_kkbversion']",
                  "text_1": "@outputs('Get_a_row_by_ID')?['body/_faf_kkb_log_value']",
                  "text": "@string(outputs('Get_a_row_by_ID')?['body/faf_kkbinput'])"
                }
              }
            }
          },
          "runAfter": {
            "Get_a_row_by_ID_-_Automation": [
              "Succeeded"
            ]
          },
          "expression": {
            "equals": [
              "@outputs('Get_a_row_by_ID_-_Automation')?['body/faf_kkbtitle']",
              "Add-on One"
            ]
          },
          "metadata": {
            "operationMetadataId": "68402aaf-d684-4e7d-bb89-88d0336b2404"
          },
          "type": "If"
        },
        "Condition_-_Two": {
          "actions": {
            "Run_a_Child_Flow_-_Two": {
              "runAfter": {},
              "metadata": {
                "operationMetadataId": "59163c69-07c9-4262-af9e-897e2d635bc0"
              },
              "type": "Workflow",
              "inputs": {
                "host": {
                  "workflowReferenceName": "383d516d-a4f7-ef11-bae2-000d3ab814a4"
                },
                "body": {
                  "number": "@outputs('Get_a_row_by_ID_-_Automation')?['body/faf_kkbversion']",
                  "text_1": "@outputs('Get_a_row_by_ID')?['body/_faf_kkb_log_value']",
                  "text": "@string(outputs('Get_a_row_by_ID')?['body/faf_kkbinput'])"
                }
              }
            }
          },
          "runAfter": {
            "Condition_-_One": [
              "Succeeded"
            ]
          },
          "expression": {
            "equals": [
              "@outputs('Get_a_row_by_ID_-_Automation')?['body/faf_kkbtitle']",
              "Add-on Two"
            ]
          },
          "metadata": {
            "operationMetadataId": "de33d64d-8358-4807-bfab-569c5a15d0b7"
          },
          "type": "If"
        },
        "Get_a_row_by_ID_-_Automation": {
          "runAfter": {
            "Get_a_row_by_ID": [
              "Succeeded"
            ]
          },
          "metadata": {
            "operationMetadataId": "224fb0f3-321b-4574-a7d6-c5b2483ba51b"
          },
          "type": "OpenApiConnection",
          "inputs": {
            "host": {
              "connectionName": "shared_commondataserviceforapps",
              "operationId": "GetItem",
              "apiId": "/providers/Microsoft.PowerApps/apis/shared_commondataserviceforapps"
            },
            "parameters": {
              "entityName": "faf_kkb_automations",
              "recordId": "@triggerOutputs()?['body/_faf_kkb_automation_value']"
            },
            "authentication": "@parameters('$authentication')",
            "retryPolicy": {
              "type": "none"
            }
          }
        },
        "Get_a_row_by_ID": {
          "runAfter": {},
          "metadata": {
            "operationMetadataId": "de64ce9e-d35c-4fd8-a7ec-f84237db76c2"
          },
          "type": "OpenApiConnection",
          "inputs": {
            "host": {
              "connectionName": "shared_commondataserviceforapps",
              "operationId": "GetItem",
              "apiId": "/providers/Microsoft.PowerApps/apis/shared_commondataserviceforapps"
            },
            "parameters": {
              "entityName": "faf_kkb_addons",
              "recordId": "@triggerOutputs()?['body/faf_kkb_addonid']"
            },
            "authentication": "@parameters('$authentication')"
          }
        }
      }
    },
    "templateName": ""
  },
  "schemaVersion": "1.0.0.0"
}