{
  "properties": {
    "connectionReferences": {
      "shared_commondataserviceforapps": {
        "runtimeSource": "embedded",
        "connection": {
          "connectionReferenceLogicalName": "faf_KookaburraDataverse"
        },
        "api": {
          "name": "shared_commondataserviceforapps"
        }
      }
    },
    "definition": {
      "$schema": "https://schema.management.azure.com/providers/Microsoft.Logic/schemas/2016-06-01/workflowdefinition.json#",
      "contentVersion": "1.0.0.0",
      "parameters": {
        "$connections": {
          "defaultValue": {},
          "type": "Object"
        },
        "$authentication": {
          "defaultValue": {},
          "type": "SecureObject"
        }
      },
      "triggers": {
        "manual": {
          "metadata": {
            "operationMetadataId": "b23aa09a-642a-430d-a241-c16ad7df8c5c"
          },
          "type": "Request",
          "kind": "PowerAppV2",
          "inputs": {
            "schema": {
              "type": "object",
              "properties": {
                "text": {
                  "title": "Record",
                  "type": "string",
                  "x-ms-dynamically-added": true,
                  "description": "The run to update",
                  "x-ms-content-hint": "TEXT"
                }
              },
              "required": [
                "text"
              ]
            }
          }
        }
      },
      "actions": {
        "Scope_-_Try": {
          "actions": {
            "Parse_JSON_-_Record": {
              "runAfter": {},
              "metadata": {
                "operationMetadataId": "96ca4815-d8e6-46d9-8246-39a10e612fa2"
              },
              "type": "ParseJson",
              "inputs": {
                "content": "@triggerBody()['text']",
                "schema": {
                  "type": "object",
                  "properties": {
                    "GUID": {
                      "type": "string"
                    }
                  }
                }
              }
            },
            "Update_a_row_-_Run": {
              "runAfter": {
                "Parse_JSON_-_Record": [
                  "Succeeded"
                ]
              },
              "metadata": {
                "operationMetadataId": "2946f51b-9271-41af-8393-0df2fa540728"
              },
              "type": "OpenApiConnection",
              "inputs": {
                "host": {
                  "connectionName": "shared_commondataserviceforapps",
                  "operationId": "UpdateOnlyRecord",
                  "apiId": "/providers/Microsoft.PowerApps/apis/shared_commondataserviceforapps"
                },
                "parameters": {
                  "entityName": "faf_kkb_runs",
                  "recordId": "@body('Parse_JSON_-_Record')?['GUID']",
                  "item/faf_kkbchecked": "Yes"
                },
                "authentication": "@parameters('$authentication')"
              }
            }
          },
          "runAfter": {
            "Initialize_variable_-_varErrorMessage": [
              "Succeeded"
            ]
          },
          "metadata": {
            "operationMetadataId": "1eaaeb9a-c844-45ad-8849-ed1f46f2b530"
          },
          "type": "Scope"
        },
        "Scope_-_Catch": {
          "actions": {
            "Set_variable_-_varError": {
              "runAfter": {},
              "metadata": {
                "operationMetadataId": "bb5a07fe-a4d7-4f03-b20b-a7402a5aedfa"
              },
              "type": "SetVariable",
              "inputs": {
                "name": "varError",
                "value": "@true"
              }
            },
            "Set_variable_-_varErrorAction": {
              "runAfter": {
                "Filter_array": [
                  "Succeeded"
                ]
              },
              "metadata": {
                "operationMetadataId": "8361d9eb-343d-4376-8ad3-ac3fbc3372dd"
              },
              "type": "SetVariable",
              "inputs": {
                "name": "varErrorAction",
                "value": "@{first(body('Filter_array'))?['name']}"
              }
            },
            "Set_variable_-_varErrorMessage": {
              "runAfter": {
                "Set_variable_-_varErrorAction": [
                  "Succeeded"
                ]
              },
              "metadata": {
                "operationMetadataId": "a714c03e-79c2-4773-b5dd-17b33a5e9737"
              },
              "type": "SetVariable",
              "inputs": {
                "name": "varErrorMessage",
                "value": "@{first(body('Filter_array'))?['code']}"
              }
            },
            "Filter_array": {
              "runAfter": {
                "Set_variable_-_varError": [
                  "Succeeded"
                ]
              },
              "metadata": {
                "operationMetadataId": "760b8e7f-43bd-4740-a77f-d61531383eff"
              },
              "type": "Query",
              "inputs": {
                "from": "@result('Scope_-_Try')",
                "where": "@or(equals(item()?['Status'], 'Failed'), equals(item()?['Status'], 'TimedOut'))"
              }
            }
          },
          "runAfter": {
            "Scope_-_Try": [
              "Failed",
              "TimedOut"
            ]
          },
          "metadata": {
            "operationMetadataId": "07a89aeb-324b-42a0-a925-68a4d63a8dca"
          },
          "type": "Scope"
        },
        "Scope_-_Finally": {
          "actions": {
            "Condition_-_varError": {
              "actions": {
                "Respond_to_a_Power_App_or_flow_-_NOK": {
                  "runAfter": {},
                  "metadata": {
                    "operationMetadataId": "adeafb4d-0d54-47a6-9bcb-4a0235f61285"
                  },
                  "type": "Response",
                  "kind": "PowerApp",
                  "inputs": {
                    "statusCode": 200,
                    "body": {
                      "response": "NOK",
                      "message": "@variables('varErrorMessage')"
                    },
                    "schema": {
                      "type": "object",
                      "properties": {
                        "response": {
                          "title": "Response",
                          "x-ms-dynamically-added": true,
                          "type": "string"
                        },
                        "message": {
                          "title": "Message",
                          "x-ms-dynamically-added": true,
                          "type": "string"
                        }
                      }
                    }
                  }
                },
                "Terminate_-_NOK": {
                  "runAfter": {
                    "Respond_to_a_Power_App_or_flow_-_NOK": [
                      "Succeeded"
                    ]
                  },
                  "metadata": {
                    "operationMetadataId": "4cb201e2-04f4-4e54-87fb-50056456a90c"
                  },
                  "type": "Terminate",
                  "inputs": {
                    "runStatus": "Failed"
                  }
                }
              },
              "runAfter": {},
              "else": {
                "actions": {
                  "Respond_to_a_Power_App_or_flow_-_OK": {
                    "runAfter": {},
                    "metadata": {
                      "operationMetadataId": "a83f46a8-f572-47bc-9681-5419a25c65a3"
                    },
                    "type": "Response",
                    "kind": "PowerApp",
                    "inputs": {
                      "statusCode": 200,
                      "body": {
                        "response": "OK",
                        "message": "-"
                      },
                      "schema": {
                        "type": "object",
                        "properties": {
                          "response": {
                            "title": "Response",
                            "x-ms-dynamically-added": true,
                            "type": "string"
                          },
                          "message": {
                            "title": "Message",
                            "x-ms-dynamically-added": true,
                            "type": "string"
                          }
                        }
                      }
                    }
                  }
                }
              },
              "expression": {
                "equals": [
                  "@variables('varError')",
                  "@true"
                ]
              },
              "metadata": {
                "operationMetadataId": "18baac90-c574-4d98-9f39-af6c0e9da2e3"
              },
              "type": "If"
            }
          },
          "runAfter": {
            "Scope_-_Catch": [
              "Succeeded",
              "Failed",
              "Skipped",
              "TimedOut"
            ]
          },
          "metadata": {
            "operationMetadataId": "61330cac-bc47-4a23-8c7d-22ca0fe233b8"
          },
          "type": "Scope"
        },
        "Initialize_variable_-_varError": {
          "runAfter": {},
          "metadata": {
            "operationMetadataId": "975507db-c84c-4c51-b36a-6ad089c05a46"
          },
          "type": "InitializeVariable",
          "inputs": {
            "variables": [
              {
                "name": "varError",
                "type": "boolean",
                "value": "@false"
              }
            ]
          }
        },
        "Initialize_variable_-_varErrorAction": {
          "runAfter": {
            "Initialize_variable_-_varError": [
              "Succeeded"
            ]
          },
          "metadata": {
            "operationMetadataId": "0a931bd0-2bbe-4369-bd03-0957fc1c72df"
          },
          "type": "InitializeVariable",
          "inputs": {
            "variables": [
              {
                "name": "varErrorAction",
                "type": "string"
              }
            ]
          }
        },
        "Initialize_variable_-_varErrorMessage": {
          "runAfter": {
            "Initialize_variable_-_varErrorAction": [
              "Succeeded"
            ]
          },
          "metadata": {
            "operationMetadataId": "8d85030e-6324-48db-a492-fb60a0cc7fc8"
          },
          "type": "InitializeVariable",
          "inputs": {
            "variables": [
              {
                "name": "varErrorMessage",
                "type": "string"
              }
            ]
          }
        }
      }
    },
    "templateName": ""
  },
  "schemaVersion": "1.0.0.0"
}