{
  "properties": {
    "connectionReferences": {},
    "definition": {
      "$schema": "https://schema.management.azure.com/providers/Microsoft.Logic/schemas/2016-06-01/workflowdefinition.json#",
      "contentVersion": "1.0.0.0",
      "parameters": {
        "$authentication": {
          "defaultValue": {},
          "type": "SecureObject"
        }
      },
      "triggers": {
        "manual": {
          "metadata": {
            "operationMetadataId": "9703dd22-d4dc-485a-8658-0e028623f4c9"
          },
          "type": "Request",
          "kind": "Button",
          "inputs": {
            "schema": {
              "type": "object",
              "properties": {
                "number": {
                  "title": "Version",
                  "type": "number",
                  "x-ms-dynamically-added": true,
                  "description": "The version of the automation",
                  "x-ms-content-hint": "NUMBER"
                },
                "text": {
                  "title": "Input",
                  "type": "string",
                  "x-ms-dynamically-added": true,
                  "description": "JSON input",
                  "x-ms-content-hint": "TEXT"
                },
                "text_1": {
                  "title": "Log",
                  "type": "string",
                  "x-ms-dynamically-added": true,
                  "description": "The console log record to update",
                  "x-ms-content-hint": "TEXT"
                },
                "text_2": {
                  "title": "Automation",
                  "type": "string",
                  "x-ms-dynamically-added": true,
                  "description": "The title of the automation",
                  "x-ms-content-hint": "TEXT"
                }
              },
              "required": [
                "number",
                "text_1",
                "text_2"
              ]
            }
          }
        }
      },
      "actions": {
        "Respond_to_a_Power_App_or_flow": {
          "runAfter": {},
          "metadata": {
            "operationMetadataId": "e8c01065-4cb3-455e-bce0-dbaaffc7b2e2"
          },
          "type": "Response",
          "kind": "PowerApp",
          "inputs": {
            "statusCode": 200,
            "body": {},
            "schema": {
              "type": "object",
              "properties": {}
            }
          }
        },
        "Condition_-_Random_result": {
          "actions": {
            "Run_a_Child_Flow_-_Random_result": {
              "runAfter": {},
              "metadata": {
                "operationMetadataId": "7dbba7da-ad22-4748-833e-e92377452971"
              },
              "type": "Workflow",
              "inputs": {
                "host": {
                  "workflowReferenceName": "162cf9b0-8bee-ef11-be20-000d3ab814a4"
                },
                "body": {
                  "number": "@triggerBody()['number']",
                  "text_1": "@triggerBody()['text_1']",
                  "text": "@string(triggerBody()?['text'])"
                },
                "retryPolicy": {
                  "type": "none"
                }
              }
            }
          },
          "runAfter": {
            "Respond_to_a_Power_App_or_flow": [
              "Succeeded"
            ]
          },
          "expression": {
            "equals": [
              "@triggerBody()['text_2']",
              "Random result"
            ]
          },
          "metadata": {
            "operationMetadataId": "972f652e-b06c-4ae5-9a53-fd441772177e"
          },
          "type": "If"
        }
      }
    },
    "templateName": ""
  },
  "schemaVersion": "1.0.0.0"
}