{
  "properties": {
    "connectionReferences": {
      "shared_commondataserviceforapps": {
        "runtimeSource": "embedded",
        "connection": {
          "connectionReferenceLogicalName": "faf_KookaburraDataverse"
        },
        "api": {
          "name": "shared_commondataserviceforapps"
        }
      }
    },
    "definition": {
      "$schema": "https://schema.management.azure.com/providers/Microsoft.Logic/schemas/2016-06-01/workflowdefinition.json#",
      "contentVersion": "1.0.0.0",
      "parameters": {
        "$connections": {
          "defaultValue": {},
          "type": "Object"
        },
        "$authentication": {
          "defaultValue": {},
          "type": "SecureObject"
        }
      },
      "triggers": {
        "manual": {
          "metadata": {
            "operationMetadataId": "e98fe0c4-f071-405e-8910-dfd72490b1ba"
          },
          "type": "Request",
          "kind": "PowerAppV2",
          "inputs": {
            "schema": {
              "type": "object",
              "properties": {
                "text": {
                  "title": "Record",
                  "type": "string",
                  "x-ms-dynamically-added": true,
                  "description": "Please enter your input",
                  "x-ms-content-hint": "TEXT"
                }
              },
              "required": [
                "text"
              ]
            }
          }
        }
      },
      "actions": {
        "Initialize_variable_-_varError": {
          "runAfter": {},
          "metadata": {
            "operationMetadataId": "b6704574-6f67-46da-a083-ea3fcb0de0f3"
          },
          "type": "InitializeVariable",
          "inputs": {
            "variables": [
              {
                "name": "varError",
                "type": "boolean",
                "value": "@false"
              }
            ]
          }
        },
        "Initialize_variable_-_varErrorAction": {
          "runAfter": {
            "Initialize_variable_-_varError": [
              "Succeeded"
            ]
          },
          "metadata": {
            "operationMetadataId": "7138768b-f362-454b-b447-404d7b73aedb"
          },
          "type": "InitializeVariable",
          "inputs": {
            "variables": [
              {
                "name": "varErrorAction",
                "type": "string"
              }
            ]
          }
        },
        "Initialize_variable_-_varErrorMessage": {
          "runAfter": {
            "Initialize_variable_-_varErrorAction": [
              "Succeeded"
            ]
          },
          "metadata": {
            "operationMetadataId": "a6cbe53b-ffbc-4e60-9a2f-e929a740e85c"
          },
          "type": "InitializeVariable",
          "inputs": {
            "variables": [
              {
                "name": "varErrorMessage",
                "type": "string"
              }
            ]
          }
        },
        "Scope_-_Try": {
          "actions": {
            "Parse_JSON_-_Record": {
              "runAfter": {},
              "metadata": {
                "operationMetadataId": "b5e36cb1-d70c-49a1-bfb9-574373285e52"
              },
              "type": "ParseJson",
              "inputs": {
                "content": "@triggerBody()['text']",
                "schema": {
                  "type": "object",
                  "properties": {
                    "GUID": {
                      "type": "string"
                    }
                  }
                }
              }
            },
            "List_rows_-_Logs": {
              "runAfter": {
                "Parse_JSON_-_Record": [
                  "Succeeded"
                ]
              },
              "metadata": {
                "operationMetadataId": "4682c89b-1a81-4367-9d5e-e4244f1f1ebb"
              },
              "type": "OpenApiConnection",
              "inputs": {
                "host": {
                  "connectionName": "shared_commondataserviceforapps",
                  "operationId": "ListRecords",
                  "apiId": "/providers/Microsoft.PowerApps/apis/shared_commondataserviceforapps"
                },
                "parameters": {
                  "entityName": "faf_kkb_logs",
                  "$filter": "(_faf_kkb_run_value eq '@{body('Parse_JSON_-_Record')?['GUID']}') and (faf_kkbtype eq 'Console')"
                },
                "authentication": "@parameters('$authentication')"
              }
            },
            "Filter_array_-_Ok": {
              "runAfter": {
                "List_rows_-_Logs": [
                  "Succeeded"
                ]
              },
              "metadata": {
                "operationMetadataId": "e13ea022-5c48-4782-8215-d89e19037457"
              },
              "type": "Query",
              "inputs": {
                "from": "@outputs('List_rows_-_Logs')?['body/value']",
                "where": "@equals(item()?['faf_kkbresult'], 'Ok')"
              }
            },
            "Compose_-_Ok": {
              "runAfter": {
                "Filter_array_-_Ok": [
                  "Succeeded"
                ]
              },
              "metadata": {
                "operationMetadataId": "fd6c0972-391e-4ad3-ad07-d3c5a62def10"
              },
              "type": "Compose",
              "inputs": "@length(body('Filter_array_-_Ok'))"
            },
            "Filter_array_-_Warning": {
              "runAfter": {
                "Compose_-_Ok": [
                  "Succeeded"
                ]
              },
              "metadata": {
                "operationMetadataId": "9905012f-f752-4e38-8d78-d74548f71f76"
              },
              "type": "Query",
              "inputs": {
                "from": "@outputs('List_rows_-_Logs')?['body/value']",
                "where": "@equals(item()?['faf_kkbresult'], 'Warning')"
              }
            },
            "Compose_-_Warning": {
              "runAfter": {
                "Filter_array_-_Warning": [
                  "Succeeded"
                ]
              },
              "metadata": {
                "operationMetadataId": "fd6c0972-391e-4ad3-ad07-d3c5a62def10"
              },
              "type": "Compose",
              "inputs": "@length(body('Filter_array_-_Warning'))"
            },
            "Filter_array_-_Error": {
              "runAfter": {
                "Compose_-_Warning": [
                  "Succeeded"
                ]
              },
              "metadata": {
                "operationMetadataId": "64ed4f79-efa0-44e0-b025-c2d4fef4f900"
              },
              "type": "Query",
              "inputs": {
                "from": "@outputs('List_rows_-_Logs')?['body/value']",
                "where": "@equals(item()?['faf_kkbresult'], 'Error')"
              }
            },
            "Compose_-_Error": {
              "runAfter": {
                "Filter_array_-_Error": [
                  "Succeeded"
                ]
              },
              "metadata": {
                "operationMetadataId": "fd6c0972-391e-4ad3-ad07-d3c5a62def10"
              },
              "type": "Compose",
              "inputs": "@length(body('Filter_array_-_Error'))"
            },
            "Filter_array_-_Flow_error": {
              "runAfter": {
                "Compose_-_Error": [
                  "Succeeded"
                ]
              },
              "metadata": {
                "operationMetadataId": "64ed4f79-efa0-44e0-b025-c2d4fef4f900"
              },
              "type": "Query",
              "inputs": {
                "from": "@outputs('List_rows_-_Logs')?['body/value']",
                "where": "@equals(item()?['faf_kkbresult'], 'Flow error')"
              }
            },
            "Compose_-_Flow_error": {
              "runAfter": {
                "Filter_array_-_Flow_error": [
                  "Succeeded"
                ]
              },
              "metadata": {
                "operationMetadataId": "fd6c0972-391e-4ad3-ad07-d3c5a62def10"
              },
              "type": "Compose",
              "inputs": "@length(body('Filter_array_-_Flow_error'))"
            },
            "Update_a_row_-_Run": {
              "runAfter": {
                "Compose_-_Unknown": [
                  "Succeeded"
                ]
              },
              "metadata": {
                "operationMetadataId": "c5231a47-340e-406f-89dd-88deaf8524e0"
              },
              "type": "OpenApiConnection",
              "inputs": {
                "host": {
                  "connectionName": "shared_commondataserviceforapps",
                  "operationId": "UpdateOnlyRecord",
                  "apiId": "/providers/Microsoft.PowerApps/apis/shared_commondataserviceforapps"
                },
                "parameters": {
                  "entityName": "faf_kkb_runs",
                  "recordId": "@body('Parse_JSON_-_Record')?['GUID']",
                  "item/faf_kkbprocessing": "Processed",
                  "item/faf_kkbtotalerror": "@length(body('Filter_array_-_Error'))",
                  "item/faf_kkbtotalflowerror": "@length(body('Filter_array_-_Flow_error'))",
                  "item/faf_kkbtotalok": "@length(body('Filter_array_-_Ok'))",
                  "item/faf_kkbtotalunknown": "@length(body('Filter_array_-_Unknown'))",
                  "item/faf_kkbtotalwarning": "@length(body('Filter_array_-_Warning'))"
                },
                "authentication": "@parameters('$authentication')"
              }
            },
            "Filter_array_-_Unknown": {
              "runAfter": {
                "Compose_-_Flow_error": [
                  "Succeeded"
                ]
              },
              "metadata": {
                "operationMetadataId": "64ed4f79-efa0-44e0-b025-c2d4fef4f900"
              },
              "type": "Query",
              "inputs": {
                "from": "@outputs('List_rows_-_Logs')?['body/value']",
                "where": "@equals(item()?['faf_kkbresult'], null)"
              }
            },
            "Compose_-_Unknown": {
              "runAfter": {
                "Filter_array_-_Unknown": [
                  "Succeeded"
                ]
              },
              "metadata": {
                "operationMetadataId": "fd6c0972-391e-4ad3-ad07-d3c5a62def10"
              },
              "type": "Compose",
              "inputs": "@length(body('Filter_array_-_Unknown'))"
            }
          },
          "runAfter": {
            "Initialize_variable_-_varErrorMessage": [
              "Succeeded"
            ]
          },
          "metadata": {
            "operationMetadataId": "c97c6760-20a4-46ef-b655-4b9454ce384d"
          },
          "type": "Scope"
        },
        "Scope_-_Catch": {
          "actions": {
            "Set_variable_-_varError": {
              "runAfter": {},
              "metadata": {
                "operationMetadataId": "0109d18e-4ba0-448e-b3b5-a9faf6204e88"
              },
              "type": "SetVariable",
              "inputs": {
                "name": "varError",
                "value": "@true"
              }
            },
            "Set_variable_-_varErrorAction": {
              "runAfter": {
                "Filter_array": [
                  "Succeeded"
                ]
              },
              "metadata": {
                "operationMetadataId": "519e354a-cb77-4840-b32d-d73879622111"
              },
              "type": "SetVariable",
              "inputs": {
                "name": "varErrorAction",
                "value": "@{first(body('Filter_array'))?['name']}"
              }
            },
            "Set_variable_-_varErrorMessage": {
              "runAfter": {
                "Set_variable_-_varErrorAction": [
                  "Succeeded"
                ]
              },
              "metadata": {
                "operationMetadataId": "975457e9-c0b7-4215-b5da-f1b36f08a9d2"
              },
              "type": "SetVariable",
              "inputs": {
                "name": "varErrorMessage",
                "value": "@{first(body('Filter_array'))?['code']}"
              }
            },
            "Filter_array": {
              "runAfter": {
                "Set_variable_-_varError": [
                  "Succeeded"
                ]
              },
              "metadata": {
                "operationMetadataId": "9d25eade-967e-4ebc-8da5-a9e6b8baad0e"
              },
              "type": "Query",
              "inputs": {
                "from": "@result('Scope_-_Try')",
                "where": "@or(equals(item()?['Status'], 'Failed'), equals(item()?['Status'], 'TimedOut'))"
              }
            }
          },
          "runAfter": {
            "Scope_-_Try": [
              "Failed",
              "TimedOut"
            ]
          },
          "metadata": {
            "operationMetadataId": "43ed4a4f-22f7-40d6-9e07-71ac4f7376fd"
          },
          "type": "Scope"
        },
        "Scope_-_Finally": {
          "actions": {
            "Condition_-_varError": {
              "actions": {
                "Respond_to_a_Power_App_or_flow_-_NOK": {
                  "runAfter": {},
                  "metadata": {
                    "operationMetadataId": "83253a9a-b7d0-4ba0-b6a4-34585f33acb5"
                  },
                  "type": "Response",
                  "kind": "PowerApp",
                  "inputs": {
                    "statusCode": 200,
                    "body": {
                      "response": "NOK",
                      "message": "@variables('varErrorMessage')"
                    },
                    "schema": {
                      "type": "object",
                      "properties": {
                        "response": {
                          "title": "Response",
                          "x-ms-dynamically-added": true,
                          "type": "string"
                        },
                        "message": {
                          "title": "Message",
                          "x-ms-dynamically-added": true,
                          "type": "string"
                        }
                      }
                    }
                  }
                },
                "Terminate_-_NOK": {
                  "runAfter": {
                    "Respond_to_a_Power_App_or_flow_-_NOK": [
                      "Succeeded"
                    ]
                  },
                  "metadata": {
                    "operationMetadataId": "076adbf4-f3a5-4672-bc93-470fce004722"
                  },
                  "type": "Terminate",
                  "inputs": {
                    "runStatus": "Failed"
                  }
                }
              },
              "runAfter": {},
              "else": {
                "actions": {
                  "Respond_to_a_Power_App_or_flow_-_OK": {
                    "runAfter": {},
                    "metadata": {
                      "operationMetadataId": "a83f46a8-f572-47bc-9681-5419a25c65a3"
                    },
                    "type": "Response",
                    "kind": "PowerApp",
                    "inputs": {
                      "statusCode": 200,
                      "body": {
                        "response": "OK",
                        "message": "-"
                      },
                      "schema": {
                        "type": "object",
                        "properties": {
                          "response": {
                            "title": "Response",
                            "x-ms-dynamically-added": true,
                            "type": "string"
                          },
                          "message": {
                            "title": "Message",
                            "x-ms-dynamically-added": true,
                            "type": "string"
                          }
                        }
                      }
                    }
                  }
                }
              },
              "expression": {
                "equals": [
                  "@variables('varError')",
                  "@true"
                ]
              },
              "metadata": {
                "operationMetadataId": "ead776c5-40fa-4440-af09-57a53181fc80"
              },
              "type": "If"
            }
          },
          "runAfter": {
            "Scope_-_Catch": [
              "Succeeded",
              "Failed",
              "Skipped",
              "TimedOut"
            ]
          },
          "metadata": {
            "operationMetadataId": "3397e297-0795-4845-91d0-7b64247f3b59"
          },
          "type": "Scope"
        }
      }
    },
    "templateName": ""
  },
  "schemaVersion": "1.0.0.0"
}